trade_date_str,trade_time,open,close,volume,high,low,amount,change,change_pct,turnover_ratio,pre_close,stock_code,trade_date
2023-02-13,2023-02-13 00:00:00,10.88,10.79,69765221.0,11.26,10.69,781508564.0,0.08,0.75,7.27,10.71,601890,2023-02-13
2023-02-14,2023-02-14 00:00:00,10.94,11.46,83184995.0,11.78,10.81,966367353.0,0.67,6.21,8.67,10.79,601890,2023-02-14
2023-02-15,2023-02-15 00:00:00,11.44,11.21,61292670.0,11.56,11.04,705432527.0,-0.25,-2.18,6.39,11.46,601890,2023-02-15
2023-02-16,2023-02-16 00:00:00,11.2,10.65,53317889.0,11.21,10.46,592893604.0,-0.56,-5.0,5.56,11.21,601890,2023-02-16
2023-02-17,2023-02-17 00:00:00,10.64,10.65,39442626.0,10.86,10.53,433416086.0,0.0,0.0,4.11,10.65,601890,2023-02-17
2023-02-20,2023-02-20 00:00:00,10.69,10.71,41548916.0,10.95,10.44,456452390.0,0.06,0.56,4.33,10.65,601890,2023-02-20
2023-02-21,2023-02-21 00:00:00,10.61,10.64,37298998.0,10.75,10.35,405255385.0,-0.07,-0.65,3.89,10.71,601890,2023-02-21
2023-02-22,2023-02-22 00:00:00,10.65,10.61,31872891.0,10.76,10.5,347858604.0,-0.03,-0.28,3.32,10.64,601890,2023-02-22
2023-02-23,2023-02-23 00:00:00,10.55,10.44,23898043.0,10.71,10.35,257142680.0,-0.17,-1.6,2.49,10.61,601890,2023-02-23
2023-02-24,2023-02-24 00:00:00,10.4,10.41,29419621.0,10.57,10.35,315843672.0,-0.03,-0.29,3.07,10.44,601890,2023-02-24
2023-02-27,2023-02-27 00:00:00,10.38,10.39,37607731.0,10.68,10.35,406332719.0,-0.02,-0.19,3.92,10.41,601890,2023-02-27
2023-02-28,2023-02-28 00:00:00,10.36,10.42,24578730.0,10.5,10.21,260862302.0,0.03,0.29,2.56,10.39,601890,2023-02-28
2023-03-01,2023-03-01 00:00:00,10.43,10.64,41035724.0,10.7,10.27,442675796.0,0.22,2.11,4.28,10.42,601890,2023-03-01
2023-03-02,2023-03-02 00:00:00,10.55,10.45,38983902.0,10.66,10.4,420447589.0,-0.19,-1.79,4.06,10.64,601890,2023-03-02
2023-03-03,2023-03-03 00:00:00,10.5,10.79,70252812.0,10.95,10.29,773466683.0,0.34,3.25,7.32,10.45,601890,2023-03-03
2023-03-06,2023-03-06 00:00:00,10.81,10.7,42236161.0,10.89,10.59,465322966.0,-0.09,-0.83,4.4,10.79,601890,2023-03-06
2023-03-07,2023-03-07 00:00:00,10.6,9.93,66117282.0,10.6,9.72,679643245.0,-0.77,-7.2,6.89,10.7,601890,2023-03-07
2023-03-08,2023-03-08 00:00:00,9.96,10.15,38423064.0,10.33,9.88,400042132.0,0.22,2.22,4.0,9.93,601890,2023-03-08
2023-03-09,2023-03-09 00:00:00,10.22,9.76,32529373.0,10.22,9.66,329146578.0,-0.39,-3.84,3.39,10.15,601890,2023-03-09
2023-03-10,2023-03-10 00:00:00,9.81,9.58,17945536.0,9.83,9.58,178396666.0,-0.18,-1.84,1.87,9.76,601890,2023-03-10
2023-03-13,2023-03-13 00:00:00,9.45,9.54,16656858.0,9.62,9.45,163400593.0,-0.04,-0.42,1.74,9.58,601890,2023-03-13
2023-03-14,2023-03-14 00:00:00,9.48,9.49,28245534.0,9.6,9.18,274442631.0,-0.05,-0.52,2.94,9.54,601890,2023-03-14
2023-03-15,2023-03-15 00:00:00,9.54,9.76,26722627.0,9.76,9.39,264668615.0,0.27,2.85,2.79,9.49,601890,2023-03-15
2023-03-16,2023-03-16 00:00:00,9.62,9.31,29295913.0,9.62,9.24,283708913.0,-0.45,-4.61,3.05,9.76,601890,2023-03-16
2023-03-17,2023-03-17 00:00:00,9.31,9.27,17364293.0,9.37,9.2,166465317.0,-0.04,-0.43,1.81,9.31,601890,2023-03-17
2023-03-20,2023-03-20 00:00:00,9.22,9.15,21308630.0,9.26,9.04,200814953.0,-0.12,-1.29,2.22,9.27,601890,2023-03-20
2023-03-21,2023-03-21 00:00:00,9.29,9.5,57982876.0,9.81,9.27,568980492.0,0.35,3.83,6.04,9.15,601890,2023-03-21
2023-03-22,2023-03-22 00:00:00,9.39,9.37,25001527.0,9.5,9.28,241638848.0,-0.13,-1.37,2.61,9.5,601890,2023-03-22
2023-03-23,2023-03-23 00:00:00,9.36,9.56,30670478.0,9.56,9.18,298104696.0,0.19,2.03,3.2,9.37,601890,2023-03-23
2023-03-24,2023-03-24 00:00:00,9.5,9.6,24379571.0,9.66,9.44,240164539.0,0.04,0.42,2.54,9.56,601890,2023-03-24
2023-03-27,2023-03-27 00:00:00,9.7,9.43,20989027.0,9.7,9.42,205466246.0,-0.17,-1.77,2.19,9.6,601890,2023-03-27
2023-03-28,2023-03-28 00:00:00,9.38,9.3,18531451.0,9.49,9.25,178498667.0,-0.13,-1.38,1.93,9.43,601890,2023-03-28
2023-03-29,2023-03-29 00:00:00,9.26,9.23,14357800.0,9.35,9.15,136895895.0,-0.07,-0.75,1.5,9.3,601890,2023-03-29
2023-03-30,2023-03-30 00:00:00,9.21,9.25,12443902.0,9.33,9.16,118570529.0,0.02,0.22,1.3,9.23,601890,2023-03-30
2023-03-31,2023-03-31 00:00:00,9.25,9.14,20109444.0,9.28,9.04,189658626.0,-0.11,-1.19,2.1,9.25,601890,2023-03-31
2023-04-03,2023-04-03 00:00:00,9.15,9.34,21885111.0,9.34,9.06,208678786.0,0.2,2.19,2.28,9.14,601890,2023-04-03
2023-04-04,2023-04-04 00:00:00,9.3,9.59,31408896.0,9.59,9.22,306140108.0,0.25,2.68,3.27,9.34,601890,2023-04-04
2023-04-06,2023-04-06 00:00:00,9.64,9.58,23842278.0,9.66,9.41,233624622.0,-0.01,-0.1,2.49,9.59,601890,2023-04-06
2023-04-07,2023-04-07 00:00:00,9.51,9.44,16300564.0,9.59,9.41,159074867.0,-0.14,-1.46,1.7,9.58,601890,2023-04-07
2023-04-10,2023-04-10 00:00:00,9.79,9.47,29789875.0,9.86,9.43,294782869.0,0.03,0.32,3.11,9.44,601890,2023-04-10
2023-04-11,2023-04-11 00:00:00,9.32,9.34,22740051.0,9.39,9.13,216437868.0,-0.13,-1.37,2.37,9.47,601890,2023-04-11
2023-04-12,2023-04-12 00:00:00,9.32,9.26,14219759.0,9.34,9.19,135508276.0,-0.08,-0.86,1.48,9.34,601890,2023-04-12
2023-04-13,2023-04-13 00:00:00,9.21,9.33,16369061.0,9.43,9.16,156766637.0,0.07,0.76,1.71,9.26,601890,2023-04-13
2023-04-14,2023-04-14 00:00:00,9.28,9.19,13257338.0,9.3,9.14,125813603.0,-0.14,-1.5,1.38,9.33,601890,2023-04-14
2023-04-17,2023-04-17 00:00:00,9.16,9.22,10777565.0,9.28,9.13,102541922.0,0.03,0.33,1.12,9.19,601890,2023-04-17
2023-04-18,2023-04-18 00:00:00,9.22,9.14,11943553.0,9.24,9.06,112436855.0,-0.08,-0.87,1.24,9.22,601890,2023-04-18
2023-04-19,2023-04-19 00:00:00,9.1,8.77,27692119.0,9.13,8.76,252899864.0,-0.37,-4.05,2.89,9.14,601890,2023-04-19
2023-04-20,2023-04-20 00:00:00,8.75,8.88,15228155.0,8.98,8.72,139292176.0,0.11,1.25,1.59,8.77,601890,2023-04-20
2023-04-21,2023-04-21 00:00:00,8.88,9.06,40701218.0,9.37,8.84,385480224.0,0.18,2.03,4.24,8.88,601890,2023-04-21
2023-04-24,2023-04-24 00:00:00,9.05,9.18,27482487.0,9.27,8.6,255003114.0,0.12,1.32,2.86,9.06,601890,2023-04-24
2023-04-25,2023-04-25 00:00:00,9.2,9.55,55817722.0,9.74,9.18,545732230.0,0.37,4.03,5.82,9.18,601890,2023-04-25
2023-04-26,2023-04-26 00:00:00,9.54,9.59,44788873.0,9.61,9.34,438636074.0,0.04,0.42,4.67,9.55,601890,2023-04-26
2023-04-27,2023-04-27 00:00:00,9.51,10.17,82138787.0,10.49,9.37,840080039.0,0.58,6.05,8.56,9.59,601890,2023-04-27
2023-04-28,2023-04-28 00:00:00,10.01,9.98,56410405.0,10.19,9.74,576552202.0,-0.19,-1.87,5.88,10.17,601890,2023-04-28
2023-05-04,2023-05-04 00:00:00,10.04,10.11,61143024.0,10.46,9.96,641794424.0,0.13,1.3,6.37,9.98,601890,2023-05-04
2023-05-05,2023-05-05 00:00:00,10.01,9.81,47581932.0,10.29,9.72,486530223.0,-0.3,-2.97,4.96,10.11,601890,2023-05-05
2023-05-08,2023-05-08 00:00:00,9.82,10.54,80723053.0,10.65,9.82,863395466.0,0.73,7.44,8.41,9.81,601890,2023-05-08
2023-05-09,2023-05-09 00:00:00,10.41,9.92,59845760.0,10.44,9.9,624273760.0,-0.62,-5.88,6.24,10.54,601890,2023-05-09
2023-05-10,2023-05-10 00:00:00,9.87,9.88,33535681.0,10.16,9.79,343197586.0,-0.04,-0.4,3.5,9.92,601890,2023-05-10
2023-05-11,2023-05-11 00:00:00,9.89,9.64,38079443.0,9.98,9.46,378792131.0,-0.24,-2.43,3.97,9.88,601890,2023-05-11
2023-05-12,2023-05-12 00:00:00,9.66,10.07,50596039.0,10.36,9.54,520963703.0,0.43,4.46,5.27,9.64,601890,2023-05-12
2023-05-15,2023-05-15 00:00:00,10.01,10.6,65378233.0,10.6,9.89,690958742.0,0.53,5.26,6.81,10.07,601890,2023-05-15
2023-05-16,2023-05-16 00:00:00,10.51,10.43,53879585.0,10.78,10.24,581623502.0,-0.17,-1.6,5.62,10.6,601890,2023-05-16
2023-05-17,2023-05-17 00:00:00,10.43,10.94,83629184.0,11.31,10.21,927134069.0,0.51,4.89,8.72,10.43,601890,2023-05-17
2023-05-18,2023-05-18 00:00:00,10.79,10.84,44848397.0,10.92,10.61,494933447.0,-0.1,-0.91,4.67,10.94,601890,2023-05-18
2023-05-19,2023-05-19 00:00:00,10.71,10.44,37280342.0,10.76,10.39,402519085.0,-0.4,-3.69,3.89,10.84,601890,2023-05-19
2023-05-22,2023-05-22 00:00:00,10.4,10.36,24386793.0,10.56,10.33,261285369.0,-0.08,-0.77,2.54,10.44,601890,2023-05-22
2023-05-23,2023-05-23 00:00:00,10.41,10.42,36395878.0,10.67,10.16,390014408.0,0.06,0.58,3.79,10.36,601890,2023-05-23
2023-05-24,2023-05-24 00:00:00,10.22,10.23,25708455.0,10.51,10.12,272155290.0,-0.19,-1.82,2.68,10.42,601890,2023-05-24
2023-05-25,2023-05-25 00:00:00,10.13,10.23,29995292.0,10.28,9.91,311383372.0,0.0,0.0,3.13,10.23,601890,2023-05-25
2023-05-26,2023-05-26 00:00:00,10.06,10.13,17347136.0,10.23,9.88,180078094.0,-0.1,-0.98,1.81,10.23,601890,2023-05-26
2023-05-29,2023-05-29 00:00:00,10.3,10.64,43704614.0,10.66,10.15,470415404.0,0.51,5.03,4.56,10.13,601890,2023-05-29
2023-05-30,2023-05-30 00:00:00,10.44,10.55,27680223.0,10.73,10.44,300280649.0,-0.09,-0.85,2.89,10.64,601890,2023-05-30
2023-05-31,2023-05-31 00:00:00,10.51,10.57,34090935.0,10.8,10.37,371453224.0,0.02,0.19,3.55,10.55,601890,2023-05-31
2023-06-01,2023-06-01 00:00:00,10.46,10.72,41083601.0,10.78,10.17,445823220.0,0.15,1.42,4.28,10.57,601890,2023-06-01
2023-06-02,2023-06-02 00:00:00,10.69,10.31,43444541.0,10.99,10.31,473035603.0,-0.41,-3.82,4.53,10.72,601890,2023-06-02
2023-06-05,2023-06-05 00:00:00,10.27,10.4,38849672.0,10.9,10.25,421823019.0,0.09,0.87,4.05,10.31,601890,2023-06-05
2023-06-06,2023-06-06 00:00:00,10.31,9.93,38895092.0,10.51,9.91,407010862.0,-0.47,-4.52,4.05,10.4,601890,2023-06-06
2023-06-07,2023-06-07 00:00:00,10.0,9.99,17036522.0,10.12,9.88,175088818.0,0.06,0.6,1.78,9.93,601890,2023-06-07
2023-06-08,2023-06-08 00:00:00,9.91,10.0,18387691.0,10.19,9.8,188726859.0,0.01,0.1,1.92,9.99,601890,2023-06-08
2023-06-09,2023-06-09 00:00:00,9.96,9.99,13834781.0,10.03,9.82,141516284.0,-0.01,-0.1,1.44,10.0,601890,2023-06-09
2023-06-12,2023-06-12 00:00:00,9.99,10.09,17347396.0,10.13,9.89,179517876.0,0.1,1.0,1.81,9.99,601890,2023-06-12
2023-06-13,2023-06-13 00:00:00,10.06,9.98,18924017.0,10.06,9.89,193534922.0,-0.11,-1.09,1.97,10.09,601890,2023-06-13
2023-06-14,2023-06-14 00:00:00,9.98,10.02,19429756.0,10.13,9.91,200767402.0,0.04,0.4,2.03,9.98,601890,2023-06-14
2023-06-15,2023-06-15 00:00:00,10.01,9.96,15765804.0,10.01,9.84,160869233.0,-0.06,-0.6,1.64,10.02,601890,2023-06-15
2023-06-16,2023-06-16 00:00:00,9.97,10.43,43668221.0,10.46,9.97,463577205.0,0.47,4.72,4.55,9.96,601890,2023-06-16
2023-06-19,2023-06-19 00:00:00,10.41,10.48,27240986.0,10.63,10.33,293174333.0,0.05,0.48,2.84,10.43,601890,2023-06-19
2023-06-20,2023-06-20 00:00:00,10.51,10.91,56533850.0,11.03,10.35,625781150.0,0.43,4.1,5.89,10.48,601890,2023-06-20
2023-06-21,2023-06-21 00:00:00,10.88,10.7,35167872.0,10.96,10.69,389319487.0,-0.21,-1.92,3.67,10.91,601890,2023-06-21
2023-06-26,2023-06-26 00:00:00,10.69,10.55,25163267.0,10.87,10.49,273731348.0,-0.15,-1.4,2.62,10.7,601890,2023-06-26
2023-06-27,2023-06-27 00:00:00,10.58,11.22,55375775.0,11.35,10.51,625072729.0,0.67,6.35,5.77,10.55,601890,2023-06-27
2023-06-28,2023-06-28 00:00:00,11.07,11.36,61204635.0,11.57,11.04,706532626.0,0.14,1.25,6.38,11.22,601890,2023-06-28
2023-06-29,2023-06-29 00:00:00,11.32,11.49,54644894.0,11.76,11.26,641900864.0,0.13,1.14,5.7,11.36,601890,2023-06-29
2023-06-30,2023-06-30 00:00:00,11.66,11.34,52175178.0,11.84,11.25,609253932.0,-0.15,-1.31,5.44,11.49,601890,2023-06-30
2023-07-03,2023-07-03 00:00:00,11.37,11.4,31942347.0,11.53,11.19,370749816.0,0.06,0.53,3.33,11.34,601890,2023-07-03
2023-07-04,2023-07-04 00:00:00,11.31,11.23,32833879.0,11.54,11.12,379383069.0,-0.17,-1.49,3.42,11.4,601890,2023-07-04
2023-07-05,2023-07-05 00:00:00,11.18,10.98,25675626.0,11.24,10.93,290109273.0,-0.25,-2.23,2.68,11.23,601890,2023-07-05
2023-07-06,2023-07-06 00:00:00,10.99,11.08,21005649.0,11.2,10.9,238052889.0,0.1,0.91,2.19,10.98,601890,2023-07-06
2023-07-07,2023-07-07 00:00:00,11.06,10.93,16355985.0,11.15,10.87,183765199.0,-0.15,-1.35,1.7,11.08,601890,2023-07-07
2023-07-10,2023-07-10 00:00:00,10.98,10.92,14617787.0,11.1,10.83,163535624.0,-0.01,-0.09,1.52,10.93,601890,2023-07-10
2023-07-11,2023-07-11 00:00:00,10.93,11.02,22189100.0,11.17,10.87,249683849.0,0.1,0.92,2.31,10.92,601890,2023-07-11
2023-07-12,2023-07-12 00:00:00,10.98,10.6,29831351.0,11.0,10.58,327100415.0,-0.42,-3.81,3.11,11.02,601890,2023-07-12
2023-07-13,2023-07-13 00:00:00,10.74,10.8,21878660.0,10.94,10.59,241936167.0,0.2,1.89,2.28,10.6,601890,2023-07-13
2023-07-14,2023-07-14 00:00:00,10.77,10.93,23385021.0,11.06,10.69,261620378.0,0.13,1.2,2.44,10.8,601890,2023-07-14
2023-07-17,2023-07-17 00:00:00,10.81,10.83,24376994.0,10.96,10.47,267022574.0,-0.1,-0.91,2.54,10.93,601890,2023-07-17
2023-07-18,2023-07-18 00:00:00,10.8,10.84,18067484.0,11.01,10.67,200591685.0,0.01,0.09,1.88,10.83,601890,2023-07-18
2023-07-19,2023-07-19 00:00:00,10.84,10.72,16503037.0,10.93,10.62,181442232.0,-0.12,-1.11,1.72,10.84,601890,2023-07-19
2023-07-20,2023-07-20 00:00:00,10.71,10.5,17028778.0,10.76,10.47,184284415.0,-0.22,-2.05,1.77,10.72,601890,2023-07-20
2023-07-21,2023-07-21 00:00:00,10.47,10.33,16012942.0,10.55,10.25,170071453.0,-0.17,-1.62,1.67,10.5,601890,2023-07-21
2023-07-24,2023-07-24 00:00:00,10.31,10.62,20286458.0,10.7,10.27,219457953.0,0.29,2.81,2.11,10.33,601890,2023-07-24
2023-07-25,2023-07-25 00:00:00,10.65,10.59,16697198.0,10.7,10.51,180519624.0,-0.03,-0.28,1.74,10.62,601890,2023-07-25
2023-07-26,2023-07-26 00:00:00,10.54,10.2,23472301.0,10.63,10.12,247722372.0,-0.39,-3.68,2.45,10.59,601890,2023-07-26
2023-07-27,2023-07-27 00:00:00,10.2,10.28,20541059.0,10.5,10.16,217429953.0,0.08,0.78,2.14,10.2,601890,2023-07-27
2023-07-28,2023-07-28 00:00:00,10.25,10.34,17236254.0,10.36,10.03,179944629.0,0.06,0.58,1.8,10.28,601890,2023-07-28
2023-07-31,2023-07-31 00:00:00,10.26,10.6,20153950.0,10.61,10.22,216421355.0,0.26,2.51,2.1,10.34,601890,2023-07-31
2023-08-01,2023-08-01 00:00:00,10.56,10.35,21677896.0,10.6,10.2,229113904.0,-0.25,-2.36,2.26,10.6,601890,2023-08-01
2023-08-02,2023-08-02 00:00:00,10.3,10.14,18467268.0,10.36,10.08,192495443.0,-0.21,-2.03,1.92,10.35,601890,2023-08-02
2023-08-03,2023-08-03 00:00:00,10.11,10.13,11867033.0,10.2,10.03,122754246.0,-0.01,-0.1,1.24,10.14,601890,2023-08-03
2023-08-04,2023-08-04 00:00:00,10.06,10.13,15622470.0,10.21,10.02,161898807.0,0.0,0.0,1.63,10.13,601890,2023-08-04
2023-08-07,2023-08-07 00:00:00,10.16,10.1,12794359.0,10.28,10.06,133050852.0,-0.03,-0.3,1.33,10.13,601890,2023-08-07
2023-08-08,2023-08-08 00:00:00,10.14,9.92,20185358.0,10.14,9.81,204446930.0,-0.18,-1.78,2.1,10.1,601890,2023-08-08
2023-08-09,2023-08-09 00:00:00,9.87,9.85,10969772.0,9.92,9.81,110781183.0,-0.07,-0.71,1.14,9.92,601890,2023-08-09
2023-08-10,2023-08-10 00:00:00,9.86,9.89,9661982.0,9.96,9.83,97825826.0,0.04,0.41,1.01,9.85,601890,2023-08-10
2023-08-11,2023-08-11 00:00:00,9.84,9.71,12112864.0,9.94,9.68,121724175.0,-0.18,-1.82,1.26,9.89,601890,2023-08-11
2023-08-14,2023-08-14 00:00:00,9.66,9.9,13217778.0,9.93,9.64,132738736.0,0.19,1.96,1.38,9.71,601890,2023-08-14
2023-08-15,2023-08-15 00:00:00,9.88,9.7,11322176.0,9.92,9.63,113030489.0,-0.2,-2.02,1.18,9.9,601890,2023-08-15
2023-08-16,2023-08-16 00:00:00,9.7,9.48,12632602.0,9.72,9.48,123649637.0,-0.22,-2.27,1.32,9.7,601890,2023-08-16
2023-08-17,2023-08-17 00:00:00,9.45,9.74,18796149.0,9.77,9.37,185376006.0,0.26,2.74,1.96,9.48,601890,2023-08-17
2023-08-18,2023-08-18 00:00:00,9.71,9.63,11347624.0,9.84,9.63,113066717.0,-0.11,-1.13,1.18,9.74,601890,2023-08-18
2023-08-21,2023-08-21 00:00:00,9.63,9.59,13233827.0,9.84,9.58,131897183.0,-0.04,-0.42,1.38,9.63,601890,2023-08-21
2023-08-22,2023-08-22 00:00:00,9.62,9.83,20027807.0,9.85,9.59,200685513.0,0.24,2.5,2.09,9.59,601890,2023-08-22
2023-08-23,2023-08-23 00:00:00,9.79,9.54,15456347.0,9.83,9.54,152554278.0,-0.29,-2.95,1.61,9.83,601890,2023-08-23
2023-08-24,2023-08-24 00:00:00,9.6,9.61,12568846.0,9.74,9.47,123840519.0,0.07,0.73,1.31,9.54,601890,2023-08-24
2023-08-25,2023-08-25 00:00:00,9.51,9.38,13709987.0,9.57,9.28,132616335.0,-0.23,-2.39,1.43,9.61,601890,2023-08-25
2023-08-28,2023-08-28 00:00:00,9.91,9.38,20793606.0,9.94,9.36,204123977.0,0.0,0.0,2.17,9.38,601890,2023-08-28
2023-08-29,2023-08-29 00:00:00,9.38,9.65,18107902.0,9.68,9.32,177355703.0,0.27,2.88,1.89,9.38,601890,2023-08-29
2023-08-30,2023-08-30 00:00:00,9.66,9.67,16614843.0,9.81,9.56,164915176.0,0.02,0.21,1.73,9.65,601890,2023-08-30
2023-08-31,2023-08-31 00:00:00,9.62,9.63,9797447.0,9.69,9.58,96660956.0,-0.04,-0.41,1.02,9.67,601890,2023-08-31
2023-09-01,2023-09-01 00:00:00,9.65,9.79,14497541.0,9.79,9.63,144518804.0,0.16,1.66,1.51,9.63,601890,2023-09-01
2023-09-04,2023-09-04 00:00:00,9.79,9.84,16107349.0,9.85,9.71,161857833.0,0.05,0.51,1.68,9.79,601890,2023-09-04
2023-09-05,2023-09-05 00:00:00,9.78,9.74,11830241.0,9.86,9.72,118563363.0,-0.1,-1.02,1.23,9.84,601890,2023-09-05
2023-09-06,2023-09-06 00:00:00,9.71,9.76,12657319.0,9.77,9.61,125658691.0,0.02,0.21,1.32,9.74,601890,2023-09-06
2023-09-07,2023-09-07 00:00:00,9.74,9.42,20962804.0,9.74,9.26,204456618.0,-0.34,-3.48,2.18,9.76,601890,2023-09-07
2023-09-08,2023-09-08 00:00:00,9.4,9.59,17380554.0,9.63,9.29,169824235.0,0.17,1.8,1.81,9.42,601890,2023-09-08
2023-09-11,2023-09-11 00:00:00,9.59,9.58,14033518.0,9.6,9.44,136960369.0,-0.01,-0.1,1.46,9.59,601890,2023-09-11
2023-09-12,2023-09-12 00:00:00,9.58,9.71,14796411.0,9.73,9.53,146597265.0,0.13,1.36,1.54,9.58,601890,2023-09-12
2023-09-13,2023-09-13 00:00:00,9.7,9.44,17632773.0,9.71,9.38,171688641.0,-0.27,-2.78,1.84,9.71,601890,2023-09-13
2023-09-14,2023-09-14 00:00:00,9.42,9.4,9439183.0,9.51,9.35,91197951.0,-0.04,-0.42,0.98,9.44,601890,2023-09-14
2023-09-15,2023-09-15 00:00:00,9.41,9.36,11409305.0,9.56,9.36,110336317.0,-0.04,-0.43,1.19,9.4,601890,2023-09-15
2023-09-18,2023-09-18 00:00:00,9.32,9.45,10494417.0,9.48,9.18,100470006.0,0.09,0.96,1.09,9.36,601890,2023-09-18
2023-09-19,2023-09-19 00:00:00,9.44,9.3,9196916.0,9.48,9.28,88214257.0,-0.15,-1.59,0.96,9.45,601890,2023-09-19
2023-09-20,2023-09-20 00:00:00,9.24,9.08,14284987.0,9.33,9.03,133628582.0,-0.22,-2.37,1.49,9.3,601890,2023-09-20
2023-09-21,2023-09-21 00:00:00,9.08,9.09,10708549.0,9.23,9.0,100637430.0,0.01,0.11,1.12,9.08,601890,2023-09-21
2023-09-22,2023-09-22 00:00:00,9.14,9.28,11922457.0,9.29,9.07,112810295.0,0.19,2.09,1.24,9.09,601890,2023-09-22
2023-09-25,2023-09-25 00:00:00,9.32,9.08,13057120.0,9.38,9.02,122604648.0,-0.2,-2.16,1.36,9.28,601890,2023-09-25
2023-09-26,2023-09-26 00:00:00,9.11,9.15,10870086.0,9.28,9.04,102378916.0,0.07,0.77,1.13,9.08,601890,2023-09-26
2023-09-27,2023-09-27 00:00:00,9.14,9.17,10743409.0,9.29,9.14,101478302.0,0.02,0.22,1.12,9.15,601890,2023-09-27
2023-09-28,2023-09-28 00:00:00,9.24,9.35,17806795.0,9.41,9.21,170610857.0,0.18,1.96,1.86,9.17,601890,2023-09-28
2023-10-09,2023-10-09 00:00:00,9.34,9.45,15063630.0,9.52,9.27,145661595.0,0.1,1.07,1.57,9.35,601890,2023-10-09
2023-10-10,2023-10-10 00:00:00,9.44,9.19,14432372.0,9.48,9.16,137345067.0,-0.26,-2.75,1.5,9.45,601890,2023-10-10
2023-10-11,2023-10-11 00:00:00,9.25,9.13,11028192.0,9.25,9.08,103785831.0,-0.06,-0.65,1.15,9.19,601890,2023-10-11
2023-10-12,2023-10-12 00:00:00,9.21,9.24,10712332.0,9.3,9.07,101015659.0,0.11,1.2,1.12,9.13,601890,2023-10-12
2023-10-13,2023-10-13 00:00:00,9.19,8.93,17827908.0,9.19,8.88,164444591.0,-0.31,-3.35,1.86,9.24,601890,2023-10-13
2023-10-16,2023-10-16 00:00:00,8.96,8.91,11160432.0,9.06,8.86,102489821.0,-0.02,-0.22,1.16,8.93,601890,2023-10-16
2023-10-17,2023-10-17 00:00:00,8.91,8.91,7784277.0,8.97,8.83,71152113.0,0.0,0.0,0.81,8.91,601890,2023-10-17
2023-10-18,2023-10-18 00:00:00,8.91,8.69,10207756.0,8.91,8.69,91921992.0,-0.22,-2.47,1.06,8.91,601890,2023-10-18
2023-10-19,2023-10-19 00:00:00,8.68,8.63,8649637.0,8.79,8.62,77263679.0,-0.06,-0.69,0.9,8.69,601890,2023-10-19
2023-10-20,2023-10-20 00:00:00,8.61,8.55,7251343.0,8.71,8.55,64195917.0,-0.08,-0.93,0.76,8.63,601890,2023-10-20
2023-10-23,2023-10-23 00:00:00,8.53,8.37,9768052.0,8.61,8.33,84812708.0,-0.18,-2.11,1.02,8.55,601890,2023-10-23
2023-10-24,2023-10-24 00:00:00,8.37,8.49,9618729.0,8.51,8.35,83397136.0,0.12,1.43,1.0,8.37,601890,2023-10-24
2023-10-25,2023-10-25 00:00:00,8.54,8.62,9804055.0,8.71,8.54,86982531.0,0.13,1.53,1.02,8.49,601890,2023-10-25
2023-10-26,2023-10-26 00:00:00,8.58,8.79,12253673.0,8.8,8.47,109152796.0,0.17,1.97,1.28,8.62,601890,2023-10-26
2023-10-27,2023-10-27 00:00:00,8.76,8.83,8623721.0,8.86,8.68,77785847.0,0.04,0.46,0.9,8.79,601890,2023-10-27
2023-10-30,2023-10-30 00:00:00,8.79,8.88,9389534.0,8.88,8.73,85080388.0,0.05,0.57,0.98,8.83,601890,2023-10-30
2023-10-31,2023-10-31 00:00:00,9.01,8.94,17861086.0,9.17,8.89,165108997.0,0.06,0.68,1.86,8.88,601890,2023-10-31
2023-11-01,2023-11-01 00:00:00,8.94,9.12,17156472.0,9.19,8.93,160196298.0,0.18,2.01,1.79,8.94,601890,2023-11-01
2023-11-02,2023-11-02 00:00:00,9.12,8.89,11274465.0,9.14,8.88,103967719.0,-0.23,-2.52,1.18,9.12,601890,2023-11-02
2023-11-03,2023-11-03 00:00:00,8.91,9.06,12335594.0,9.14,8.87,114911840.0,0.17,1.91,1.29,8.89,601890,2023-11-03
2023-11-06,2023-11-06 00:00:00,9.05,9.19,12460123.0,9.23,9.04,117343429.0,0.13,1.43,1.3,9.06,601890,2023-11-06
2023-11-07,2023-11-07 00:00:00,9.21,9.19,8444730.0,9.22,9.12,79469144.0,0.0,0.0,0.88,9.19,601890,2023-11-07
2023-11-08,2023-11-08 00:00:00,9.2,9.12,9911332.0,9.2,9.07,92943475.0,-0.07,-0.76,1.03,9.19,601890,2023-11-08
2023-11-09,2023-11-09 00:00:00,9.12,9.03,8305280.0,9.18,9.01,77243794.0,-0.09,-0.99,0.87,9.12,601890,2023-11-09
2023-11-10,2023-11-10 00:00:00,9.03,9.07,7334860.0,9.12,8.94,67979195.0,0.04,0.44,0.76,9.03,601890,2023-11-10
2023-11-13,2023-11-13 00:00:00,9.08,9.24,9788957.0,9.24,9.0,91685338.0,0.17,1.87,1.02,9.07,601890,2023-11-13
2023-11-14,2023-11-14 00:00:00,9.21,9.31,12293055.0,9.36,9.19,117035498.0,0.07,0.76,1.28,9.24,601890,2023-11-14
2023-11-15,2023-11-15 00:00:00,9.3,9.23,8537250.0,9.35,9.19,80940330.0,-0.08,-0.86,0.89,9.31,601890,2023-11-15
2023-11-16,2023-11-16 00:00:00,9.23,9.13,8498540.0,9.27,9.11,80121035.0,-0.1,-1.08,0.89,9.23,601890,2023-11-16
2023-11-17,2023-11-17 00:00:00,9.1,9.2,7155926.0,9.2,9.06,67123144.0,0.07,0.77,0.75,9.13,601890,2023-11-17
2023-11-20,2023-11-20 00:00:00,9.19,9.36,11364500.0,9.37,9.18,108478010.0,0.16,1.74,1.18,9.2,601890,2023-11-20
2023-11-21,2023-11-21 00:00:00,9.36,9.21,9371865.0,9.38,9.19,89075134.0,-0.15,-1.6,0.98,9.36,601890,2023-11-21
2023-11-22,2023-11-22 00:00:00,9.2,9.09,7542200.0,9.26,9.09,70868087.0,-0.12,-1.3,0.79,9.21,601890,2023-11-22
2023-11-23,2023-11-23 00:00:00,9.14,9.19,6469900.0,9.2,9.02,60562133.0,0.1,1.1,0.67,9.09,601890,2023-11-23
2023-11-24,2023-11-24 00:00:00,9.18,8.98,7911065.0,9.18,8.95,73235574.0,-0.21,-2.29,0.82,9.19,601890,2023-11-24
2023-11-27,2023-11-27 00:00:00,8.95,9.05,6486100.0,9.11,8.94,60055998.0,0.07,0.78,0.68,8.98,601890,2023-11-27
2023-11-28,2023-11-28 00:00:00,9.05,9.11,6238846.0,9.13,9.01,58184064.0,0.06,0.66,0.65,9.05,601890,2023-11-28
2023-11-29,2023-11-29 00:00:00,9.13,9.0,6993083.0,9.13,8.95,64761066.0,-0.11,-1.21,0.73,9.11,601890,2023-11-29
2023-11-30,2023-11-30 00:00:00,8.99,9.01,17736756.0,9.29,8.92,165654440.0,0.01,0.11,1.85,9.0,601890,2023-11-30
2023-12-01,2023-12-01 00:00:00,9.01,9.0,10740986.0,9.06,8.86,98573633.0,-0.01,-0.11,1.12,9.01,601890,2023-12-01
2023-12-04,2023-12-04 00:00:00,9.03,9.13,13155474.0,9.19,8.96,123194975.0,0.13,1.44,1.37,9.0,601890,2023-12-04
2023-12-05,2023-12-05 00:00:00,9.11,8.86,11762800.0,9.15,8.86,108148066.0,-0.27,-2.96,1.23,9.13,601890,2023-12-05
2023-12-06,2023-12-06 00:00:00,8.87,8.89,7315753.0,8.99,8.85,66973297.0,0.03,0.34,0.76,8.86,601890,2023-12-06
2023-12-07,2023-12-07 00:00:00,8.88,8.81,8354240.0,8.9,8.74,75483614.0,-0.08,-0.9,0.87,8.89,601890,2023-12-07
2023-12-08,2023-12-08 00:00:00,8.81,8.7,9216426.0,8.89,8.69,83088483.0,-0.11,-1.25,0.96,8.81,601890,2023-12-08
2023-12-11,2023-12-11 00:00:00,8.66,8.89,8256729.0,8.9,8.58,74481896.0,0.19,2.18,0.86,8.7,601890,2023-12-11
2023-12-12,2023-12-12 00:00:00,8.89,9.2,28149591.0,9.36,8.87,265939323.0,0.31,3.49,2.93,8.89,601890,2023-12-12
2023-12-13,2023-12-13 00:00:00,9.15,9.15,15188714.0,9.27,9.12,143295390.0,-0.05,-0.54,1.58,9.2,601890,2023-12-13
2023-12-14,2023-12-14 00:00:00,9.15,9.08,9248776.0,9.25,9.07,86767261.0,-0.07,-0.77,0.96,9.15,601890,2023-12-14
2023-12-15,2023-12-15 00:00:00,9.15,9.03,10754264.0,9.15,8.94,99909634.0,-0.05,-0.55,1.12,9.08,601890,2023-12-15
2023-12-18,2023-12-18 00:00:00,9.03,8.96,10909906.0,9.1,8.93,100857584.0,-0.07,-0.78,1.14,9.03,601890,2023-12-18
2023-12-19,2023-12-19 00:00:00,9.0,8.99,11781611.0,9.1,8.91,108964122.0,0.03,0.33,1.23,8.96,601890,2023-12-19
2023-12-20,2023-12-20 00:00:00,8.96,8.76,9962216.0,9.02,8.75,90634396.0,-0.23,-2.56,1.04,8.99,601890,2023-12-20
2023-12-21,2023-12-21 00:00:00,8.7,8.82,8811640.0,8.85,8.58,78986744.0,0.06,0.68,0.92,8.76,601890,2023-12-21
2023-12-22,2023-12-22 00:00:00,8.81,8.84,10402100.0,8.99,8.77,95129286.0,0.02,0.23,1.08,8.82,601890,2023-12-22
2023-12-25,2023-12-25 00:00:00,8.81,9.13,20898726.0,9.17,8.81,194903934.0,0.29,3.28,2.18,8.84,601890,2023-12-25
2023-12-26,2023-12-26 00:00:00,9.12,9.05,14049209.0,9.17,8.97,130757282.0,-0.08,-0.88,1.46,9.13,601890,2023-12-26
2023-12-27,2023-12-27 00:00:00,9.03,8.92,12371010.0,9.05,8.87,113463273.0,-0.13,-1.44,1.29,9.05,601890,2023-12-27
2023-12-28,2023-12-28 00:00:00,8.91,9.14,16142236.0,9.19,8.86,150586657.0,0.22,2.47,1.68,8.92,601890,2023-12-28
2023-12-29,2023-12-29 00:00:00,9.16,9.66,41317778.0,9.71,9.12,402669723.0,0.52,5.69,4.31,9.14,601890,2023-12-29
2024-01-02,2024-01-02 00:00:00,9.7,9.9,58059898.0,10.21,9.66,592800762.0,0.24,2.48,6.05,9.66,601890,2024-01-02
2024-01-03,2024-01-03 00:00:00,9.94,9.81,28122585.0,10.06,9.68,283009802.0,-0.09,-0.91,2.93,9.9,601890,2024-01-03
2024-01-04,2024-01-04 00:00:00,9.81,9.72,16478708.0,9.87,9.61,164079438.0,-0.09,-0.92,1.72,9.81,601890,2024-01-04
2024-01-05,2024-01-05 00:00:00,9.62,9.52,19561061.0,9.86,9.45,192867728.0,-0.2,-2.06,2.04,9.72,601890,2024-01-05
2024-01-08,2024-01-08 00:00:00,9.44,9.36,14483453.0,9.62,9.31,140532089.0,-0.16,-1.68,1.51,9.52,601890,2024-01-08
2024-01-09,2024-01-09 00:00:00,9.33,9.33,14282163.0,9.42,9.19,136521237.0,-0.03,-0.32,1.49,9.36,601890,2024-01-09
2024-01-10,2024-01-10 00:00:00,9.29,9.22,15535277.0,9.4,9.03,146738265.0,-0.11,-1.18,1.62,9.33,601890,2024-01-10
2024-01-11,2024-01-11 00:00:00,9.22,9.45,17344406.0,9.51,9.15,167076998.0,0.23,2.49,1.81,9.22,601890,2024-01-11
2024-01-12,2024-01-12 00:00:00,9.44,9.35,20815523.0,9.56,9.29,200440047.0,-0.1,-1.06,2.17,9.45,601890,2024-01-12
2024-01-15,2024-01-15 00:00:00,9.26,9.23,12398815.0,9.35,9.16,117496990.0,-0.12,-1.28,1.29,9.35,601890,2024-01-15
2024-01-16,2024-01-16 00:00:00,9.22,9.16,16329747.0,9.27,8.98,152791998.0,-0.07,-0.76,1.7,9.23,601890,2024-01-16
2024-01-17,2024-01-17 00:00:00,9.19,8.88,10608802.0,9.21,8.87,98387445.0,-0.28,-3.06,1.11,9.16,601890,2024-01-17
2024-01-18,2024-01-18 00:00:00,8.78,8.51,27940750.0,8.86,8.18,243363459.0,-0.37,-4.17,2.91,8.88,601890,2024-01-18
2024-01-19,2024-01-19 00:00:00,8.52,8.23,16750718.0,8.54,8.21,143577466.0,-0.28,-3.29,1.75,8.51,601890,2024-01-19
2024-01-22,2024-01-22 00:00:00,8.2,7.56,27762371.0,8.23,7.47,223116016.0,-0.67,-8.14,2.89,8.23,601890,2024-01-22
2024-01-23,2024-01-23 00:00:00,7.57,7.63,21904626.0,7.66,7.37,170136120.0,0.07,0.93,2.28,7.56,601890,2024-01-23
2024-01-24,2024-01-24 00:00:00,7.7,7.89,22296228.0,7.9,7.51,177532962.0,0.26,3.41,2.32,7.63,601890,2024-01-24
2024-01-25,2024-01-25 00:00:00,7.85,8.2,21146227.0,8.22,7.82,175953592.0,0.31,3.93,2.2,7.89,601890,2024-01-25
2024-01-26,2024-01-26 00:00:00,8.2,8.11,15905853.0,8.27,8.06,133621333.0,-0.09,-1.1,1.66,8.2,601890,2024-01-26
2024-01-29,2024-01-29 00:00:00,8.11,7.89,16879829.0,8.19,7.86,138974321.0,-0.22,-2.71,1.76,8.11,601890,2024-01-29
2024-01-30,2024-01-30 00:00:00,7.94,7.93,24048302.0,8.19,7.77,198651003.0,0.04,0.51,2.51,7.89,601890,2024-01-30
2024-01-31,2024-01-31 00:00:00,7.76,7.42,25165939.0,7.9,7.41,197637293.0,-0.51,-6.43,2.62,7.93,601890,2024-01-31
2024-02-01,2024-02-01 00:00:00,7.41,7.2,18068465.0,7.46,7.14,136003338.0,-0.22,-2.96,1.88,7.42,601890,2024-02-01
2024-02-02,2024-02-02 00:00:00,7.2,6.93,23169419.0,7.38,6.64,168060699.0,-0.27,-3.75,2.41,7.2,601890,2024-02-02
2024-02-05,2024-02-05 00:00:00,6.93,6.36,30067675.0,6.93,6.22,201798246.0,-0.57,-8.23,3.13,6.93,601890,2024-02-05
2024-02-06,2024-02-06 00:00:00,6.34,6.89,28558485.0,6.98,6.11,193987506.0,0.53,8.33,2.98,6.36,601890,2024-02-06
2024-02-07,2024-02-07 00:00:00,6.94,7.26,26927154.0,7.34,6.91,200696903.0,0.37,5.37,2.81,6.89,601890,2024-02-07
2024-02-08,2024-02-08 00:00:00,7.37,7.72,25603615.0,7.73,7.37,201488064.0,0.46,6.34,2.67,7.26,601890,2024-02-08
2024-02-19,2024-02-19 00:00:00,7.88,7.66,24583346.0,7.93,7.48,194445858.0,-0.06,-0.78,2.56,7.72,601890,2024-02-19
2024-02-20,2024-02-20 00:00:00,7.67,7.69,15446862.0,7.74,7.5,121776216.0,0.03,0.39,1.61,7.66,601890,2024-02-20
2024-02-21,2024-02-21 00:00:00,7.64,7.73,20958389.0,7.94,7.55,167878040.0,0.04,0.52,2.18,7.69,601890,2024-02-21
2024-02-22,2024-02-22 00:00:00,7.69,7.77,14504303.0,7.81,7.66,115702479.0,0.04,0.52,1.51,7.73,601890,2024-02-22
2024-02-23,2024-02-23 00:00:00,7.8,7.85,19518549.0,7.86,7.64,156083015.0,0.08,1.03,2.03,7.77,601890,2024-02-23
2024-02-26,2024-02-26 00:00:00,7.89,7.96,21163127.0,8.07,7.86,173952769.0,0.11,1.4,2.21,7.85,601890,2024-02-26
2024-02-27,2024-02-27 00:00:00,7.96,8.13,18272349.0,8.13,7.89,150879417.0,0.17,2.14,1.9,7.96,601890,2024-02-27
2024-02-28,2024-02-28 00:00:00,8.13,7.78,26939837.0,8.35,7.77,224231567.0,-0.35,-4.31,2.81,8.13,601890,2024-02-28
2024-02-29,2024-02-29 00:00:00,7.74,8.13,21974737.0,8.13,7.71,180631346.0,0.35,4.5,2.29,7.78,601890,2024-02-29
2024-03-01,2024-03-01 00:00:00,8.14,8.14,15334987.0,8.21,8.06,128330518.0,0.01,0.12,1.6,8.13,601890,2024-03-01
2024-03-04,2024-03-04 00:00:00,8.14,8.3,25416023.0,8.34,8.09,215777035.0,0.16,1.97,2.65,8.14,601890,2024-03-04
2024-03-05,2024-03-05 00:00:00,8.26,8.2,18027048.0,8.36,8.12,152605403.0,-0.1,-1.2,1.88,8.3,601890,2024-03-05
2024-03-06,2024-03-06 00:00:00,8.13,8.31,19544774.0,8.38,8.07,165883649.0,0.11,1.34,2.04,8.2,601890,2024-03-06
2024-03-07,2024-03-07 00:00:00,8.37,8.18,16599800.0,8.44,8.16,141578390.0,-0.13,-1.56,1.73,8.31,601890,2024-03-07
2024-03-08,2024-03-08 00:00:00,8.16,8.29,12919100.0,8.32,8.16,109752745.0,0.11,1.34,1.35,8.18,601890,2024-03-08
2024-03-11,2024-03-11 00:00:00,8.32,8.38,19971417.0,8.48,8.2,170794020.0,0.09,1.09,2.08,8.29,601890,2024-03-11
2024-03-12,2024-03-12 00:00:00,8.38,8.31,20250774.0,8.43,8.26,173481767.0,-0.07,-0.84,2.11,8.38,601890,2024-03-12
2024-03-13,2024-03-13 00:00:00,8.27,8.32,16543862.0,8.33,8.16,140530815.0,0.01,0.12,1.72,8.31,601890,2024-03-13
2024-03-14,2024-03-14 00:00:00,8.32,8.21,18433700.0,8.34,8.11,155829020.0,-0.11,-1.32,1.92,8.32,601890,2024-03-14
2024-03-15,2024-03-15 00:00:00,8.16,8.26,13030841.0,8.27,8.14,110111822.0,0.05,0.61,1.36,8.21,601890,2024-03-15
2024-03-18,2024-03-18 00:00:00,8.31,8.45,20022639.0,8.45,8.29,172990745.0,0.19,2.3,2.09,8.26,601890,2024-03-18
2024-03-19,2024-03-19 00:00:00,8.46,8.33,13062950.0,8.47,8.33,112464347.0,-0.12,-1.42,1.36,8.45,601890,2024-03-19
2024-03-20,2024-03-20 00:00:00,8.3,8.36,9855812.0,8.43,8.3,84816617.0,0.03,0.36,1.03,8.33,601890,2024-03-20
2024-03-21,2024-03-21 00:00:00,8.38,8.4,15641514.0,8.43,8.29,134773417.0,0.04,0.48,1.63,8.36,601890,2024-03-21
2024-03-22,2024-03-22 00:00:00,8.39,8.22,15813915.0,8.39,8.14,134009315.0,-0.18,-2.14,1.65,8.4,601890,2024-03-22
2024-03-25,2024-03-25 00:00:00,8.18,7.99,13571900.0,8.24,7.99,113414102.0,-0.23,-2.8,1.41,8.22,601890,2024-03-25
2024-03-26,2024-03-26 00:00:00,7.99,7.94,12446456.0,8.05,7.82,101735794.0,-0.05,-0.63,1.3,7.99,601890,2024-03-26
2024-03-27,2024-03-27 00:00:00,7.92,7.66,12850300.0,7.96,7.64,102874717.0,-0.28,-3.53,1.34,7.94,601890,2024-03-27
2024-03-28,2024-03-28 00:00:00,7.64,7.87,14732218.0,7.97,7.63,119129591.0,0.21,2.74,1.54,7.66,601890,2024-03-28
2024-03-29,2024-03-29 00:00:00,7.86,8.13,18368902.0,8.14,7.82,151365752.0,0.26,3.3,1.91,7.87,601890,2024-03-29
2024-04-01,2024-04-01 00:00:00,8.11,8.17,17474993.0,8.19,7.98,145683278.0,0.04,0.49,1.82,8.13,601890,2024-04-01
2024-04-02,2024-04-02 00:00:00,8.14,8.14,11155767.0,8.19,8.06,93365313.0,-0.03,-0.37,1.16,8.17,601890,2024-04-02
2024-04-03,2024-04-03 00:00:00,8.1,8.04,12456500.0,8.17,8.02,103622044.0,-0.1,-1.23,1.3,8.14,601890,2024-04-03
2024-04-08,2024-04-08 00:00:00,7.98,7.94,11185493.0,8.1,7.9,92122147.0,-0.1,-1.24,1.17,8.04,601890,2024-04-08
2024-04-09,2024-04-09 00:00:00,8.01,8.03,12414350.0,8.1,7.95,102731198.0,0.09,1.13,1.29,7.94,601890,2024-04-09
2024-04-10,2024-04-10 00:00:00,7.99,7.87,11547255.0,8.05,7.77,93855057.0,-0.16,-1.99,1.2,8.03,601890,2024-04-10
2024-04-11,2024-04-11 00:00:00,7.83,7.91,10430440.0,8.03,7.79,85268625.0,0.04,0.51,1.09,7.87,601890,2024-04-11
2024-04-12,2024-04-12 00:00:00,7.92,7.79,9089746.0,7.95,7.77,73634429.0,-0.12,-1.52,0.95,7.91,601890,2024-04-12
2024-04-15,2024-04-15 00:00:00,7.78,7.88,22522694.0,8.06,7.68,183324394.0,0.09,1.16,2.35,7.79,601890,2024-04-15
2024-04-16,2024-04-16 00:00:00,7.84,7.41,22559325.0,7.9,7.39,177232035.0,-0.47,-5.96,2.35,7.88,601890,2024-04-16
2024-04-17,2024-04-17 00:00:00,7.53,7.81,17738546.0,7.81,7.51,140505381.0,0.4,5.4,1.85,7.41,601890,2024-04-17
2024-04-18,2024-04-18 00:00:00,7.78,7.8,12742807.0,7.91,7.72,102773402.0,-0.01,-0.13,1.33,7.81,601890,2024-04-18
2024-04-19,2024-04-19 00:00:00,7.81,8.05,30781296.0,8.26,7.79,256172896.0,0.25,3.21,3.21,7.8,601890,2024-04-19
2024-04-22,2024-04-22 00:00:00,7.98,8.18,33854456.0,8.3,7.97,284276120.0,0.13,1.61,3.53,8.05,601890,2024-04-22
2024-04-23,2024-04-23 00:00:00,8.06,7.66,43046207.0,8.07,7.62,343524264.0,-0.52,-6.36,4.49,8.18,601890,2024-04-23
2024-04-24,2024-04-24 00:00:00,7.66,7.87,24414902.0,7.88,7.66,196353395.0,0.21,2.74,2.54,7.66,601890,2024-04-24
2024-04-25,2024-04-25 00:00:00,7.83,7.71,19690405.0,7.84,7.67,156857394.0,-0.16,-2.03,2.05,7.87,601890,2024-04-25
2024-04-26,2024-04-26 00:00:00,7.71,7.81,18286005.0,7.84,7.69,146479697.0,0.1,1.3,1.91,7.71,601890,2024-04-26
2024-04-29,2024-04-29 00:00:00,7.82,7.99,25411935.0,8.0,7.76,207109634.0,0.18,2.3,2.65,7.81,601890,2024-04-29
2024-04-30,2024-04-30 00:00:00,8.02,7.92,17679120.0,8.05,7.85,144412951.0,-0.07,-0.88,1.84,7.99,601890,2024-04-30
2024-05-06,2024-05-06 00:00:00,7.95,8.09,22928550.0,8.14,7.94,189970130.0,0.17,2.15,2.39,7.92,601890,2024-05-06
2024-05-07,2024-05-07 00:00:00,8.08,8.17,21472818.0,8.22,8.01,179990885.0,0.08,0.99,2.24,8.09,601890,2024-05-07
2024-05-08,2024-05-08 00:00:00,8.21,7.96,20826859.0,8.24,7.93,172009141.0,-0.21,-2.57,2.17,8.17,601890,2024-05-08
2024-05-09,2024-05-09 00:00:00,7.94,8.15,22057953.0,8.2,7.93,184245212.0,0.19,2.39,2.3,7.96,601890,2024-05-09
2024-05-10,2024-05-10 00:00:00,8.14,8.07,13848920.0,8.21,8.04,115283572.0,-0.08,-0.98,1.44,8.15,601890,2024-05-10
2024-05-13,2024-05-13 00:00:00,8.03,8.1,22832679.0,8.23,7.9,190797074.0,0.03,0.37,2.38,8.07,601890,2024-05-13
2024-05-14,2024-05-14 00:00:00,8.06,8.07,14801200.0,8.18,8.04,123422538.0,-0.03,-0.37,1.54,8.1,601890,2024-05-14
2024-05-15,2024-05-15 00:00:00,8.05,7.88,16185069.0,8.05,7.86,132346073.0,-0.19,-2.35,1.69,8.07,601890,2024-05-15
2024-05-16,2024-05-16 00:00:00,7.9,7.78,17771677.0,7.95,7.74,143314194.0,-0.1,-1.27,1.85,7.88,601890,2024-05-16
2024-05-17,2024-05-17 00:00:00,7.77,7.85,12320777.0,7.85,7.73,98918999.0,0.07,0.9,1.28,7.78,601890,2024-05-17
2024-05-20,2024-05-20 00:00:00,7.85,7.88,17261734.0,8.0,7.83,140628446.0,0.03,0.38,1.8,7.85,601890,2024-05-20
2024-05-21,2024-05-21 00:00:00,7.86,7.72,19728340.0,7.87,7.68,157091935.0,-0.16,-2.03,2.06,7.88,601890,2024-05-21
2024-05-22,2024-05-22 00:00:00,7.71,7.66,12232200.0,7.74,7.63,96734832.0,-0.06,-0.78,1.27,7.72,601890,2024-05-22
2024-05-23,2024-05-23 00:00:00,7.68,7.65,28501314.0,7.83,7.61,226679538.0,-0.01,-0.13,2.97,7.66,601890,2024-05-23
2024-05-24,2024-05-24 00:00:00,7.51,7.49,20202971.0,7.64,7.43,156649653.0,-0.16,-2.09,2.11,7.65,601890,2024-05-24
2024-05-27,2024-05-27 00:00:00,7.51,7.54,15441009.0,7.54,7.37,118479174.0,0.05,0.67,1.61,7.49,601890,2024-05-27
2024-05-28,2024-05-28 00:00:00,7.52,7.44,11020265.0,7.54,7.42,85027523.0,-0.1,-1.33,1.15,7.54,601890,2024-05-28
2024-05-29,2024-05-29 00:00:00,7.43,7.41,8915855.0,7.49,7.38,68436320.0,-0.03,-0.4,0.93,7.44,601890,2024-05-29
2024-05-30,2024-05-30 00:00:00,7.4,7.53,16407997.0,7.61,7.33,127100944.0,0.12,1.62,1.71,7.41,601890,2024-05-30
2024-05-31,2024-05-31 00:00:00,7.52,7.51,11135252.0,7.59,7.44,86296979.0,-0.02,-0.27,1.16,7.53,601890,2024-05-31
2024-06-03,2024-06-03 00:00:00,7.52,7.44,18636048.0,7.72,7.39,145177562.0,-0.07,-0.93,1.94,7.51,601890,2024-06-03
2024-06-04,2024-06-04 00:00:00,7.41,7.53,13466513.0,7.55,7.31,103125055.0,0.09,1.21,1.4,7.44,601890,2024-06-04
2024-06-05,2024-06-05 00:00:00,7.53,7.53,13772103.0,7.65,7.46,107597592.0,0.0,0.0,1.44,7.53,601890,2024-06-05
2024-06-06,2024-06-06 00:00:00,7.56,7.26,20112912.0,7.56,7.22,152234945.0,-0.27,-3.59,2.1,7.53,601890,2024-06-06
2024-06-07,2024-06-07 00:00:00,7.33,7.42,13736358.0,7.53,7.29,104978375.0,0.16,2.2,1.43,7.26,601890,2024-06-07
2024-06-11,2024-06-11 00:00:00,7.35,7.36,11816953.0,7.42,7.25,89367849.0,-0.06,-0.81,1.23,7.42,601890,2024-06-11
2024-06-12,2024-06-12 00:00:00,7.31,7.5,15427653.0,7.56,7.31,119228301.0,0.14,1.9,1.61,7.36,601890,2024-06-12
2024-06-13,2024-06-13 00:00:00,7.49,7.6,17932851.0,7.61,7.47,140044507.0,0.1,1.33,1.87,7.5,601890,2024-06-13
2024-06-14,2024-06-14 00:00:00,7.56,7.44,23018272.0,7.65,7.42,178442968.0,-0.16,-2.11,2.4,7.6,601890,2024-06-14
2024-06-17,2024-06-17 00:00:00,7.45,7.32,13647986.0,7.46,7.31,102413399.0,-0.12,-1.61,1.42,7.44,601890,2024-06-17
2024-06-18,2024-06-18 00:00:00,7.28,7.38,15247561.0,7.38,7.24,113588342.0,0.06,0.82,1.59,7.32,601890,2024-06-18
2024-06-19,2024-06-19 00:00:00,7.33,7.17,18341546.0,7.36,7.16,135208624.0,-0.21,-2.85,1.91,7.38,601890,2024-06-19
2024-06-20,2024-06-20 00:00:00,7.17,6.96,19223847.0,7.18,6.88,137398909.0,-0.21,-2.93,2.0,7.17,601890,2024-06-20
2024-06-21,2024-06-21 00:00:00,6.96,6.89,11167535.0,6.98,6.86,78656632.0,-0.07,-1.01,1.16,6.96,601890,2024-06-21
2024-06-24,2024-06-24 00:00:00,6.87,6.68,12789500.0,6.9,6.66,88185602.0,-0.21,-3.05,1.33,6.89,601890,2024-06-24
2024-06-25,2024-06-25 00:00:00,6.67,6.69,10651402.0,6.76,6.62,72770259.0,0.01,0.15,1.11,6.68,601890,2024-06-25
2024-06-26,2024-06-26 00:00:00,6.67,6.85,10417500.0,6.86,6.59,71766774.0,0.16,2.39,1.09,6.69,601890,2024-06-26
2024-06-27,2024-06-27 00:00:00,6.81,6.69,12292744.0,6.85,6.67,84511960.0,-0.16,-2.34,1.28,6.85,601890,2024-06-27
2024-06-28,2024-06-28 00:00:00,6.66,6.91,24753271.0,7.03,6.66,173705342.0,0.22,3.29,2.58,6.69,601890,2024-06-28
2024-07-01,2024-07-01 00:00:00,6.86,6.95,13599622.0,6.98,6.76,95361392.0,0.04,0.58,1.42,6.91,601890,2024-07-01
2024-07-02,2024-07-02 00:00:00,6.96,6.89,11941703.0,7.05,6.87,84573581.0,-0.06,-0.86,1.24,6.95,601890,2024-07-02
2024-07-03,2024-07-03 00:00:00,6.88,6.76,9232305.0,6.88,6.73,63901669.0,-0.13,-1.89,0.96,6.89,601890,2024-07-03
2024-07-04,2024-07-04 00:00:00,6.79,6.64,8272299.0,6.84,6.62,56562986.0,-0.12,-1.78,0.86,6.76,601890,2024-07-04
2024-07-05,2024-07-05 00:00:00,6.6,6.65,7509800.0,6.68,6.56,50774236.0,0.01,0.15,0.78,6.64,601890,2024-07-05
2024-07-08,2024-07-08 00:00:00,6.62,6.43,9430800.0,6.63,6.41,62326985.0,-0.22,-3.31,0.98,6.65,601890,2024-07-08
2024-07-09,2024-07-09 00:00:00,6.46,6.57,11357830.0,6.59,6.33,75208940.0,0.14,2.18,1.18,6.43,601890,2024-07-09
2024-07-10,2024-07-10 00:00:00,6.58,6.6,9035834.0,6.66,6.54,60984562.0,0.03,0.46,0.94,6.57,601890,2024-07-10
2024-07-11,2024-07-11 00:00:00,6.74,6.84,14614801.0,6.85,6.68,101116705.0,0.24,3.64,1.52,6.6,601890,2024-07-11
2024-07-12,2024-07-12 00:00:00,6.86,6.86,9870699.0,6.91,6.79,68919550.0,0.02,0.29,1.03,6.84,601890,2024-07-12
2024-07-15,2024-07-15 00:00:00,6.81,6.78,8755600.0,6.89,6.77,61008508.0,-0.08,-1.17,0.91,6.86,601890,2024-07-15
2024-07-16,2024-07-16 00:00:00,6.79,6.71,9647237.0,6.8,6.64,65881126.0,-0.07,-1.03,1.01,6.78,601890,2024-07-16
2024-07-17,2024-07-17 00:00:00,6.71,6.61,8855200.0,6.71,6.57,59752916.0,-0.1,-1.49,0.92,6.71,601890,2024-07-17
2024-07-18,2024-07-18 00:00:00,6.6,6.8,14042825.0,6.84,6.5,95833702.0,0.19,2.87,1.46,6.61,601890,2024-07-18
2024-07-19,2024-07-19 00:00:00,6.77,6.89,13616325.0,6.9,6.74,95090199.0,0.09,1.32,1.42,6.8,601890,2024-07-19
2024-07-22,2024-07-22 00:00:00,6.95,6.91,12626390.0,7.0,6.86,89358912.0,0.02,0.29,1.32,6.89,601890,2024-07-22
2024-07-23,2024-07-23 00:00:00,6.87,6.74,9730365.0,6.94,6.74,67925931.0,-0.17,-2.46,1.01,6.91,601890,2024-07-23
2024-07-24,2024-07-24 00:00:00,6.68,6.9,19154017.0,6.97,6.68,133990449.0,0.16,2.37,2.0,6.74,601890,2024-07-24
2024-07-25,2024-07-25 00:00:00,6.87,6.8,14854570.0,6.87,6.69,102487523.0,-0.1,-1.45,1.55,6.9,601890,2024-07-25
2024-07-26,2024-07-26 00:00:00,6.81,7.06,24367397.0,7.08,6.76,173780887.0,0.26,3.82,2.54,6.8,601890,2024-07-26
2024-07-29,2024-07-29 00:00:00,7.05,7.13,25970665.0,7.26,7.03,189876741.0,0.07,0.99,2.71,7.06,601890,2024-07-29
2024-07-30,2024-07-30 00:00:00,7.07,7.13,11925700.0,7.15,7.0,86139959.0,0.0,0.0,1.24,7.13,601890,2024-07-30
2024-07-31,2024-07-31 00:00:00,7.1,7.22,22378457.0,7.22,7.07,163610157.0,0.09,1.26,2.33,7.13,601890,2024-07-31
2024-08-01,2024-08-01 00:00:00,7.19,7.22,19150349.0,7.34,7.17,141738518.0,0.0,0.0,2.0,7.22,601890,2024-08-01
2024-08-02,2024-08-02 00:00:00,7.16,7.15,15962720.0,7.32,7.12,117612492.0,-0.07,-0.97,1.66,7.22,601890,2024-08-02
2024-08-05,2024-08-05 00:00:00,7.09,6.95,15069600.0,7.26,6.94,108782037.0,-0.2,-2.8,1.57,7.15,601890,2024-08-05
2024-08-06,2024-08-06 00:00:00,7.02,7.1,11392399.0,7.12,6.98,81962048.0,0.15,2.16,1.19,6.95,601890,2024-08-06
2024-08-07,2024-08-07 00:00:00,7.09,7.05,8382200.0,7.14,7.03,60589415.0,-0.05,-0.7,0.87,7.1,601890,2024-08-07
2024-08-08,2024-08-08 00:00:00,7.05,6.95,10857566.0,7.05,6.87,76937019.0,-0.1,-1.42,1.13,7.05,601890,2024-08-08
2024-08-09,2024-08-09 00:00:00,6.97,6.86,7953400.0,7.01,6.86,56112698.0,-0.09,-1.29,0.83,6.95,601890,2024-08-09
2024-08-12,2024-08-12 00:00:00,6.81,6.8,7620155.0,6.88,6.75,52983470.0,-0.06,-0.87,0.79,6.86,601890,2024-08-12
2024-08-13,2024-08-13 00:00:00,6.81,6.94,9106355.0,6.94,6.81,63990029.0,0.14,2.06,0.95,6.8,601890,2024-08-13
2024-08-14,2024-08-14 00:00:00,6.91,6.84,5787550.0,6.95,6.83,40565116.0,-0.1,-1.44,0.6,6.94,601890,2024-08-14
2024-08-15,2024-08-15 00:00:00,6.81,6.88,7577514.0,6.95,6.78,53221095.0,0.04,0.58,0.79,6.84,601890,2024-08-15
2024-08-16,2024-08-16 00:00:00,6.91,6.77,8144400.0,6.91,6.76,56621219.0,-0.11,-1.6,0.85,6.88,601890,2024-08-16
2024-08-19,2024-08-19 00:00:00,6.76,6.79,5299637.0,6.85,6.74,36746037.0,0.02,0.3,0.55,6.77,601890,2024-08-19
2024-08-20,2024-08-20 00:00:00,6.79,6.66,7522000.0,6.8,6.62,51272016.0,-0.13,-1.91,0.78,6.79,601890,2024-08-20
2024-08-21,2024-08-21 00:00:00,6.63,6.62,4606935.0,6.68,6.6,31183479.0,-0.04,-0.6,0.48,6.66,601890,2024-08-21
2024-08-22,2024-08-22 00:00:00,6.63,6.55,5294902.0,6.66,6.55,35648272.0,-0.07,-1.06,0.55,6.62,601890,2024-08-22
2024-08-23,2024-08-23 00:00:00,6.59,6.53,5667100.0,6.6,6.5,37873894.0,-0.02,-0.31,0.59,6.55,601890,2024-08-23
2024-08-26,2024-08-26 00:00:00,6.55,6.55,5512711.0,6.6,6.49,36849806.0,0.02,0.31,0.57,6.53,601890,2024-08-26
2024-08-27,2024-08-27 00:00:00,6.56,6.48,7584900.0,6.58,6.46,50428684.0,-0.07,-1.07,0.79,6.55,601890,2024-08-27
2024-08-28,2024-08-28 00:00:00,6.5,6.5,8275400.0,6.58,6.46,55093180.0,0.02,0.31,0.86,6.48,601890,2024-08-28
2024-08-29,2024-08-29 00:00:00,6.49,6.62,8581331.0,6.64,6.44,57699198.0,0.12,1.85,0.89,6.5,601890,2024-08-29
2024-08-30,2024-08-30 00:00:00,6.63,6.7,11728000.0,6.77,6.59,80344357.0,0.08,1.21,1.22,6.62,601890,2024-08-30
2024-09-02,2024-09-02 00:00:00,6.74,6.55,9789786.0,6.74,6.53,66089052.0,-0.15,-2.24,1.02,6.7,601890,2024-09-02
2024-09-03,2024-09-03 00:00:00,6.71,6.69,21290880.0,6.85,6.61,145999308.0,0.14,2.14,2.22,6.55,601890,2024-09-03
2024-09-04,2024-09-04 00:00:00,6.56,6.55,13610907.0,6.64,6.5,91194169.0,-0.14,-2.09,1.42,6.69,601890,2024-09-04
2024-09-05,2024-09-05 00:00:00,6.52,6.58,6967502.0,6.61,6.52,46716886.0,0.03,0.46,0.73,6.55,601890,2024-09-05
2024-09-06,2024-09-06 00:00:00,6.55,7.02,57433340.0,7.25,6.5,413001846.0,0.44,6.69,5.99,6.58,601890,2024-09-06
2024-09-09,2024-09-09 00:00:00,6.8,6.81,38831623.0,6.89,6.7,268734536.0,-0.21,-2.99,4.05,7.02,601890,2024-09-09
2024-09-10,2024-09-10 00:00:00,6.79,6.75,22345871.0,6.87,6.6,152809914.0,-0.06,-0.88,2.33,6.81,601890,2024-09-10
2024-09-11,2024-09-11 00:00:00,6.68,6.71,12237321.0,6.76,6.65,83713588.0,-0.04,-0.59,1.28,6.75,601890,2024-09-11
2024-09-12,2024-09-12 00:00:00,6.69,6.69,15402966.0,6.81,6.68,105956977.0,-0.02,-0.3,1.61,6.71,601890,2024-09-12
2024-09-13,2024-09-13 00:00:00,6.66,6.65,13123555.0,6.77,6.63,89609932.0,-0.04,-0.6,1.37,6.69,601890,2024-09-13
2024-09-18,2024-09-18 00:00:00,6.64,6.55,13678356.0,6.65,6.41,90899743.0,-0.1,-1.5,1.43,6.65,601890,2024-09-18
2024-09-19,2024-09-19 00:00:00,6.59,6.58,19278633.0,6.62,6.35,127972768.0,0.03,0.46,2.01,6.55,601890,2024-09-19
2024-09-20,2024-09-20 00:00:00,6.54,6.46,13166800.0,6.56,6.42,86895718.0,-0.12,-1.82,1.37,6.58,601890,2024-09-20
2024-09-23,2024-09-23 00:00:00,6.45,6.49,10782550.0,6.55,6.42,71556469.0,0.03,0.46,1.12,6.46,601890,2024-09-23
2024-09-24,2024-09-24 00:00:00,6.53,6.69,18665378.0,6.69,6.47,125635451.0,0.2,3.08,1.95,6.49,601890,2024-09-24
2024-09-25,2024-09-25 00:00:00,6.71,6.79,24487182.0,6.89,6.71,170120607.0,0.1,1.49,2.55,6.69,601890,2024-09-25
2024-09-26,2024-09-26 00:00:00,6.77,6.95,19954461.0,6.95,6.72,139336445.0,0.16,2.36,2.08,6.79,601890,2024-09-26
2024-09-27,2024-09-27 00:00:00,7.02,7.22,23364695.0,7.23,6.97,169375054.0,0.27,3.88,2.44,6.95,601890,2024-09-27
2024-09-30,2024-09-30 00:00:00,7.51,7.8,57070930.0,7.86,7.33,443923642.0,0.58,8.03,5.95,7.22,601890,2024-09-30
2024-10-08,2024-10-08 00:00:00,8.59,8.19,76607328.0,8.59,7.72,636421046.0,0.39,5.0,7.98,7.8,601890,2024-10-08
2024-10-09,2024-10-09 00:00:00,7.96,7.56,46389564.0,8.04,7.53,368487762.0,-0.63,-7.69,4.84,8.19,601890,2024-10-09
2024-10-10,2024-10-10 00:00:00,7.61,7.72,36225703.0,8.0,7.53,286284402.0,0.16,2.12,3.78,7.56,601890,2024-10-10
2024-10-11,2024-10-11 00:00:00,7.68,7.41,25752018.0,7.68,7.31,196606897.0,-0.31,-4.02,2.68,7.72,601890,2024-10-11
2024-10-14,2024-10-14 00:00:00,7.55,7.63,27771732.0,7.67,7.44,214425230.0,0.22,2.97,2.89,7.41,601890,2024-10-14
2024-10-15,2024-10-15 00:00:00,7.52,7.51,27626600.0,7.71,7.47,212637182.0,-0.12,-1.57,2.88,7.63,601890,2024-10-15
2024-10-16,2024-10-16 00:00:00,7.42,7.39,20669800.0,7.51,7.33,156136169.0,-0.12,-1.6,2.15,7.51,601890,2024-10-16
2024-10-17,2024-10-17 00:00:00,7.42,7.28,17620502.0,7.46,7.27,132162246.0,-0.11,-1.49,1.84,7.39,601890,2024-10-17
2024-10-18,2024-10-18 00:00:00,7.26,7.44,24032115.0,7.54,7.22,180982265.0,0.16,2.2,2.5,7.28,601890,2024-10-18
2024-10-21,2024-10-21 00:00:00,7.48,7.55,27692392.0,7.63,7.42,213210984.0,0.11,1.48,2.89,7.44,601890,2024-10-21
2024-10-22,2024-10-22 00:00:00,7.61,7.6,20786376.0,7.61,7.47,159892138.0,0.05,0.66,2.17,7.55,601890,2024-10-22
2024-10-23,2024-10-23 00:00:00,7.68,8.07,72064078.0,8.13,7.62,586807363.0,0.47,6.18,7.51,7.6,601890,2024-10-23
2024-10-24,2024-10-24 00:00:00,7.99,7.78,33630187.0,7.99,7.76,267459519.0,-0.29,-3.59,3.51,8.07,601890,2024-10-24
2024-10-25,2024-10-25 00:00:00,7.73,8.06,42509542.0,8.11,7.73,345902365.0,0.28,3.6,4.43,7.78,601890,2024-10-25
2024-10-28,2024-10-28 00:00:00,8.16,8.14,36095805.0,8.3,8.09,300207355.0,0.08,0.99,3.76,8.06,601890,2024-10-28
2024-10-29,2024-10-29 00:00:00,8.09,7.92,31623165.0,8.16,7.92,257734729.0,-0.22,-2.7,3.3,8.14,601890,2024-10-29
2024-10-30,2024-10-30 00:00:00,7.85,7.92,18674169.0,8.01,7.84,150302872.0,0.0,0.0,1.95,7.92,601890,2024-10-30
2024-10-31,2024-10-31 00:00:00,7.91,7.95,21591680.0,7.99,7.83,173949938.0,0.03,0.38,2.25,7.92,601890,2024-10-31
2024-11-01,2024-11-01 00:00:00,7.89,7.67,25142837.0,7.96,7.65,198448137.0,-0.28,-3.52,2.62,7.95,601890,2024-11-01
2024-11-04,2024-11-04 00:00:00,7.67,7.78,13196900.0,7.79,7.66,104034235.0,0.11,1.43,1.38,7.67,601890,2024-11-04
2024-11-05,2024-11-05 00:00:00,7.76,8.11,37199285.0,8.19,7.76,303623707.0,0.33,4.24,3.88,7.78,601890,2024-11-05
2024-11-06,2024-11-06 00:00:00,8.1,8.24,48901871.0,8.46,8.01,408079578.0,0.13,1.6,5.1,8.11,601890,2024-11-06
2024-11-07,2024-11-07 00:00:00,8.2,8.35,37066001.0,8.36,8.07,310746344.0,0.11,1.33,3.86,8.24,601890,2024-11-07
2024-11-08,2024-11-08 00:00:00,8.41,8.32,30413974.0,8.55,8.26,259630674.0,-0.03,-0.36,3.17,8.35,601890,2024-11-08
2024-11-11,2024-11-11 00:00:00,8.36,8.51,30560659.0,8.52,8.24,259896877.0,0.19,2.28,3.19,8.32,601890,2024-11-11
2024-11-12,2024-11-12 00:00:00,8.48,8.18,27890927.0,8.5,8.12,235108232.0,-0.33,-3.88,2.91,8.51,601890,2024-11-12
2024-11-13,2024-11-13 00:00:00,8.13,8.28,22681502.0,8.34,8.13,190039346.0,0.1,1.22,2.36,8.18,601890,2024-11-13
2024-11-14,2024-11-14 00:00:00,8.28,8.08,16316265.0,8.31,8.04,135358300.0,-0.2,-2.42,1.7,8.28,601890,2024-11-14
2024-11-15,2024-11-15 00:00:00,8.07,7.88,24058024.0,8.22,7.86,197335204.0,-0.2,-2.48,2.51,8.08,601890,2024-11-15
2024-11-18,2024-11-18 00:00:00,7.91,7.78,17551065.0,8.09,7.73,140780160.0,-0.1,-1.27,1.83,7.88,601890,2024-11-18
2024-11-19,2024-11-19 00:00:00,7.86,7.84,12748049.0,7.86,7.66,100766656.0,0.06,0.77,1.33,7.78,601890,2024-11-19
2024-11-20,2024-11-20 00:00:00,7.84,7.96,14952205.0,8.0,7.8,120500248.0,0.12,1.53,1.56,7.84,601890,2024-11-20
2024-11-21,2024-11-21 00:00:00,7.94,7.93,10326074.0,7.99,7.84,83141888.0,-0.03,-0.38,1.08,7.96,601890,2024-11-21
2024-11-22,2024-11-22 00:00:00,7.96,7.74,19900475.0,8.03,7.72,160271661.0,-0.19,-2.4,2.07,7.93,601890,2024-11-22
2024-11-25,2024-11-25 00:00:00,7.77,7.71,11936836.0,7.79,7.58,93152417.0,-0.03,-0.39,1.24,7.74,601890,2024-11-25
2024-11-26,2024-11-26 00:00:00,7.71,7.62,9759034.0,7.77,7.61,76345974.0,-0.09,-1.17,1.02,7.71,601890,2024-11-26
2024-11-27,2024-11-27 00:00:00,7.6,7.9,15884471.0,7.91,7.48,124262448.0,0.28,3.67,1.66,7.62,601890,2024-11-27
2024-11-28,2024-11-28 00:00:00,7.91,7.8,11431765.0,7.96,7.78,91372722.0,-0.1,-1.27,1.19,7.9,601890,2024-11-28
2024-11-29,2024-11-29 00:00:00,7.77,7.84,15958100.0,7.91,7.67,126684651.0,0.04,0.51,1.66,7.8,601890,2024-11-29
2024-12-02,2024-12-02 00:00:00,7.94,8.64,64645087.0,8.64,7.94,563406108.0,0.8,10.2,6.74,7.84,601890,2024-12-02
2024-12-03,2024-12-03 00:00:00,8.66,8.58,116863632.0,8.94,8.43,1030334404.0,-0.06,-0.69,12.18,8.64,601890,2024-12-03
2024-12-04,2024-12-04 00:00:00,8.44,8.31,48041531.0,8.51,8.24,407638042.0,-0.27,-3.15,5.01,8.58,601890,2024-12-04
2024-12-05,2024-12-05 00:00:00,8.29,8.35,39855133.0,8.45,8.21,337504095.0,0.04,0.48,4.15,8.31,601890,2024-12-05
2024-12-06,2024-12-06 00:00:00,8.34,8.33,28081734.0,8.37,8.21,236932767.0,-0.02,-0.24,2.93,8.35,601890,2024-12-06
2024-12-09,2024-12-09 00:00:00,8.3,8.33,25017200.0,8.44,8.23,211875549.0,0.0,0.0,2.61,8.33,601890,2024-12-09
2024-12-10,2024-12-10 00:00:00,8.47,8.28,37418393.0,8.54,8.26,320411796.0,-0.05,-0.6,3.9,8.33,601890,2024-12-10
2024-12-11,2024-12-11 00:00:00,8.34,8.67,62741526.0,8.74,8.31,549506588.0,0.39,4.71,6.54,8.28,601890,2024-12-11
2024-12-12,2024-12-12 00:00:00,8.66,8.58,34713410.0,8.74,8.5,302876293.0,-0.09,-1.04,3.62,8.67,601890,2024-12-12
2024-12-13,2024-12-13 00:00:00,8.57,8.4,27956996.0,8.64,8.39,241867966.0,-0.18,-2.1,2.91,8.58,601890,2024-12-13
2024-12-16,2024-12-16 00:00:00,8.39,8.32,20591225.0,8.46,8.26,174718474.0,-0.08,-0.95,2.15,8.4,601890,2024-12-16
2024-12-17,2024-12-17 00:00:00,8.29,8.09,24344700.0,8.4,8.06,203187750.0,-0.23,-2.76,2.54,8.32,601890,2024-12-17
2024-12-18,2024-12-18 00:00:00,8.1,8.09,14199800.0,8.22,8.03,117260615.0,0.0,0.0,1.48,8.09,601890,2024-12-18
2024-12-19,2024-12-19 00:00:00,8.0,8.09,15533700.0,8.13,7.92,126794596.0,0.0,0.0,1.62,8.09,601890,2024-12-19
2024-12-20,2024-12-20 00:00:00,8.16,8.07,14447300.0,8.18,8.02,118840363.0,-0.02,-0.25,1.51,8.09,601890,2024-12-20
2024-12-23,2024-12-23 00:00:00,8.08,7.87,20932813.0,8.09,7.83,168706645.0,-0.2,-2.48,2.18,8.07,601890,2024-12-23
2024-12-24,2024-12-24 00:00:00,7.85,7.91,12215610.0,7.98,7.85,98340651.0,0.04,0.51,1.27,7.87,601890,2024-12-24
2024-12-25,2024-12-25 00:00:00,7.87,7.73,15469400.0,7.94,7.67,122073249.0,-0.18,-2.28,1.61,7.91,601890,2024-12-25
2024-12-26,2024-12-26 00:00:00,7.74,7.78,14094671.0,7.83,7.72,111560149.0,0.05,0.65,1.47,7.73,601890,2024-12-26
2024-12-27,2024-12-27 00:00:00,7.81,7.94,16789164.0,7.98,7.81,135233323.0,0.16,2.06,1.75,7.78,601890,2024-12-27
2024-12-30,2024-12-30 00:00:00,7.93,7.88,15276205.0,8.03,7.83,122996241.0,-0.06,-0.76,1.59,7.94,601890,2024-12-30
2024-12-31,2024-12-31 00:00:00,7.89,7.65,17916000.0,7.89,7.63,140885787.0,-0.23,-2.92,1.87,7.88,601890,2024-12-31
2025-01-02,2025-01-02 00:00:00,7.57,7.36,18678615.0,7.65,7.28,142308066.0,-0.29,-3.79,1.95,7.65,601890,2025-01-02
2025-01-03,2025-01-03 00:00:00,7.47,7.5,38539795.0,7.94,7.41,300757569.0,0.14,1.9,4.02,7.36,601890,2025-01-03
2025-01-06,2025-01-06 00:00:00,7.26,7.2,22956863.0,7.39,7.13,169680343.0,-0.3,-4.0,2.39,7.5,601890,2025-01-06
2025-01-07,2025-01-07 00:00:00,7.18,7.28,11489835.0,7.29,7.14,84476474.0,0.08,1.11,1.2,7.2,601890,2025-01-07
2025-01-08,2025-01-08 00:00:00,7.25,7.27,14885801.0,7.34,7.07,109605098.0,-0.01,-0.14,1.55,7.28,601890,2025-01-08
2025-01-09,2025-01-09 00:00:00,7.19,7.24,12629414.0,7.33,7.19,93341768.0,-0.03,-0.41,1.32,7.27,601890,2025-01-09
2025-01-10,2025-01-10 00:00:00,7.22,7.13,10760553.0,7.28,7.13,79044663.0,-0.11,-1.52,1.12,7.24,601890,2025-01-10
2025-01-13,2025-01-13 00:00:00,7.08,7.18,9419605.0,7.24,7.05,68737539.0,0.05,0.7,0.98,7.13,601890,2025-01-13
2025-01-14,2025-01-14 00:00:00,7.34,7.76,34882552.0,7.79,7.22,270002522.0,0.58,8.08,3.64,7.18,601890,2025-01-14
2025-01-15,2025-01-15 00:00:00,7.79,7.7,16316900.0,7.8,7.6,127445231.0,-0.06,-0.77,1.7,7.76,601890,2025-01-15
2025-01-16,2025-01-16 00:00:00,7.75,7.75,16733700.0,7.82,7.66,131831344.0,0.05,0.65,1.74,7.7,601890,2025-01-16
2025-01-17,2025-01-17 00:00:00,8.05,7.69,55166220.0,8.54,7.67,453632780.0,-0.06,-0.77,5.75,7.75,601890,2025-01-17
2025-01-20,2025-01-20 00:00:00,7.73,7.67,25553569.0,7.79,7.58,200639539.0,-0.02,-0.26,2.66,7.69,601890,2025-01-20
2025-01-21,2025-01-21 00:00:00,7.71,7.69,14668072.0,7.73,7.56,113970387.0,0.02,0.26,1.53,7.67,601890,2025-01-21
2025-01-22,2025-01-22 00:00:00,7.67,7.6,10265200.0,7.69,7.56,79493084.0,-0.09,-1.17,1.07,7.69,601890,2025-01-22
2025-01-23,2025-01-23 00:00:00,7.67,7.54,15352200.0,7.73,7.53,119327318.0,-0.06,-0.79,1.6,7.6,601890,2025-01-23
2025-01-24,2025-01-24 00:00:00,7.49,7.59,10349740.0,7.6,7.47,79698079.0,0.05,0.66,1.08,7.54,601890,2025-01-24
2025-01-27,2025-01-27 00:00:00,7.62,7.5,10552415.0,7.65,7.46,81152189.0,-0.09,-1.19,1.1,7.59,601890,2025-01-27
2025-02-05,2025-02-05 00:00:00,7.51,7.55,9679920.0,7.58,7.49,74310520.0,0.05,0.67,1.01,7.5,601890,2025-02-05
2025-02-06,2025-02-06 00:00:00,7.52,7.71,12914715.0,7.71,7.46,100339101.0,0.16,2.12,1.35,7.55,601890,2025-02-06
2025-02-07,2025-02-07 00:00:00,7.73,7.71,18774388.0,7.76,7.63,147399646.0,0.0,0.0,1.96,7.71,601890,2025-02-07
2025-02-10,2025-02-10 00:00:00,7.71,7.72,14716855.0,7.74,7.64,115369580.0,0.01,0.13,1.53,7.71,601890,2025-02-10
2025-02-11,2025-02-11 00:00:00,7.72,7.69,11289900.0,7.73,7.64,88253396.0,-0.03,-0.39,1.18,7.72,601890,2025-02-11
2025-02-12,2025-02-12 00:00:00,7.66,7.71,11255961.0,7.72,7.64,88080103.0,0.02,0.26,1.17,7.69,601890,2025-02-12
2025-02-13,2025-02-13 00:00:00,7.72,7.62,13404104.0,7.74,7.62,104573195.0,-0.09,-1.17,1.4,7.71,601890,2025-02-13
2025-02-14,2025-02-14 00:00:00,7.63,7.6,9513501.0,7.66,7.57,73679928.0,-0.02,-0.26,0.99,7.62,601890,2025-02-14
2025-02-17,2025-02-17 00:00:00,7.6,7.6,13722786.0,7.64,7.52,105910092.0,0.0,0.0,1.43,7.6,601890,2025-02-17
2025-02-18,2025-02-18 00:00:00,7.56,7.37,17200505.0,7.6,7.33,130765386.0,-0.23,-3.03,1.79,7.6,601890,2025-02-18
2025-02-19,2025-02-19 00:00:00,7.34,7.39,12253940.0,7.43,7.34,92167604.0,0.02,0.27,1.28,7.37,601890,2025-02-19
2025-02-20,2025-02-20 00:00:00,7.38,7.36,14222474.0,7.4,7.32,106706420.0,-0.03,-0.41,1.48,7.39,601890,2025-02-20
2025-02-21,2025-02-21 00:00:00,7.38,7.39,13539032.0,7.39,7.31,101533997.0,0.03,0.41,1.41,7.36,601890,2025-02-21
2025-02-24,2025-02-24 00:00:00,7.4,7.42,11959058.0,7.47,7.35,90375378.0,0.03,0.41,1.25,7.39,601890,2025-02-24
2025-02-25,2025-02-25 00:00:00,7.38,7.4,10551660.0,7.47,7.32,79653279.0,-0.02,-0.27,1.1,7.42,601890,2025-02-25
2025-02-26,2025-02-26 00:00:00,7.4,7.49,12233690.0,7.51,7.39,93037514.0,0.09,1.22,1.28,7.4,601890,2025-02-26
2025-02-27,2025-02-27 00:00:00,7.49,7.44,12584810.0,7.52,7.34,95106778.0,-0.05,-0.67,1.31,7.49,601890,2025-02-27
2025-02-28,2025-02-28 00:00:00,7.39,7.33,12120845.0,7.46,7.3,90985691.0,-0.11,-1.48,1.26,7.44,601890,2025-02-28
2025-03-03,2025-03-03 00:00:00,7.32,7.28,11233600.0,7.4,7.27,83982564.0,-0.05,-0.68,1.17,7.33,601890,2025-03-03
2025-03-04,2025-03-04 00:00:00,7.29,7.4,12182695.0,7.42,7.27,91428555.0,0.12,1.65,1.27,7.28,601890,2025-03-04
2025-03-05,2025-03-05 00:00:00,7.36,7.32,9753525.0,7.39,7.28,72730396.0,-0.08,-1.08,1.02,7.4,601890,2025-03-05
2025-03-06,2025-03-06 00:00:00,7.34,7.39,11178183.0,7.4,7.3,83901557.0,0.07,0.96,1.17,7.32,601890,2025-03-06
2025-03-07,2025-03-07 00:00:00,7.38,7.4,17207976.0,7.51,7.33,130450567.0,0.01,0.14,1.79,7.39,601890,2025-03-07
2025-03-10,2025-03-10 00:00:00,7.4,7.57,23491325.0,7.6,7.37,180238888.0,0.17,2.3,2.45,7.4,601890,2025-03-10
2025-03-11,2025-03-11 00:00:00,7.51,7.64,21686197.0,7.64,7.47,167521394.0,0.07,0.92,2.26,7.57,601890,2025-03-11
2025-03-12,2025-03-12 00:00:00,7.64,7.72,29113535.0,7.83,7.57,227701364.0,0.08,1.05,3.03,7.64,601890,2025-03-12
2025-03-13,2025-03-13 00:00:00,7.73,8.11,63174830.0,8.21,7.57,508320251.0,0.39,5.05,6.58,7.72,601890,2025-03-13
2025-03-14,2025-03-14 00:00:00,8.11,8.32,98007005.0,8.51,8.03,830063993.0,0.21,2.59,10.22,8.11,601890,2025-03-14
2025-03-17,2025-03-17 00:00:00,8.62,8.22,102734404.0,8.91,8.18,891529773.0,-0.1,-1.2,10.71,8.32,601890,2025-03-17
2025-03-18,2025-03-18 00:00:00,8.16,8.67,97852138.0,8.88,8.16,849650116.0,0.45,5.47,10.2,8.22,601890,2025-03-18
2025-03-19,2025-03-19 00:00:00,8.46,8.44,61631043.0,8.72,8.36,533720759.0,-0.23,-2.65,6.42,8.67,601890,2025-03-19
2025-03-20,2025-03-20 00:00:00,8.45,9.3,103763646.0,9.3,8.36,951565456.0,0.86,10.19,10.82,8.44,601890,2025-03-20
2025-03-21,2025-03-21 00:00:00,9.75,10.24,169102967.0,10.24,9.56,1731194224.0,0.94,10.11,17.63,9.3,601890,2025-03-21
2025-03-24,2025-03-24 00:00:00,10.96,11.28,261189453.0,11.28,10.4,2908288226.0,1.04,10.16,27.22,10.24,601890,2025-03-24
2025-03-25,2025-03-25 00:00:00,10.44,10.14,156787733.0,10.84,10.14,1657352700.0,-1.14,-10.11,16.34,11.28,601890,2025-03-25
2025-03-26,2025-03-26 00:00:00,9.44,9.88,161410639.0,10.48,9.44,1635845593.0,-0.26,-2.56,16.82,10.14,601890,2025-03-26
2025-03-27,2025-03-27 00:00:00,9.58,10.44,207831207.0,10.79,9.04,2064127600.0,0.56,5.67,21.66,9.88,601890,2025-03-27
2025-03-28,2025-03-28 00:00:00,9.96,10.17,184696271.0,10.62,9.52,1868949654.0,-0.27,-2.59,19.25,10.44,601890,2025-03-28
2025-03-31,2025-03-31 00:00:00,9.86,9.46,124853335.0,9.97,9.16,1197640655.0,-0.71,-6.98,13.01,10.17,601890,2025-03-31
2025-04-01,2025-04-01 00:00:00,9.39,9.15,101942251.0,9.66,9.14,967698670.0,-0.31,-3.28,10.63,9.46,601890,2025-04-01
2025-04-02,2025-04-02 00:00:00,9.0,9.06,77548201.0,9.28,8.9,715090667.0,-0.09,-0.98,8.08,9.15,601890,2025-04-02
2025-04-03,2025-04-03 00:00:00,8.87,8.73,94170906.0,9.04,8.57,838239167.0,-0.33,-3.64,9.82,9.06,601890,2025-04-03
2025-04-07,2025-04-07 00:00:00,8.16,7.84,64745915.0,8.35,7.84,525825718.0,-0.89,-10.19,6.75,8.73,601890,2025-04-07
2025-04-08,2025-04-08 00:00:00,7.74,7.94,89125043.0,8.1,7.74,719511380.0,0.1,1.28,9.29,7.84,601890,2025-04-08
2025-04-09,2025-04-09 00:00:00,7.74,8.56,118564953.0,8.72,7.43,994489212.0,0.62,7.81,12.36,7.94,601890,2025-04-09
2025-04-10,2025-04-10 00:00:00,8.46,8.57,98045039.0,8.78,8.43,860843619.0,0.01,0.12,10.22,8.56,601890,2025-04-10
2025-04-11,2025-04-11 00:00:00,8.46,8.54,54589370.0,8.68,8.43,475899890.0,-0.03,-0.35,5.69,8.57,601890,2025-04-11
2025-04-14,2025-04-14 00:00:00,8.56,8.73,51860011.0,8.84,8.56,459370581.0,0.19,2.22,5.41,8.54,601890,2025-04-14
2025-04-15,2025-04-15 00:00:00,8.73,8.56,35293986.0,8.76,8.46,307669317.0,-0.17,-1.95,3.68,8.73,601890,2025-04-15
2025-04-16,2025-04-16 00:00:00,8.51,8.39,36382851.0,8.76,8.28,313982053.0,-0.17,-1.99,3.79,8.56,601890,2025-04-16
2025-04-17,2025-04-17 00:00:00,8.31,8.47,40857977.0,8.71,8.31,355732536.0,0.08,0.95,4.26,8.39,601890,2025-04-17
2025-04-18,2025-04-18 00:00:00,8.41,8.88,85957718.0,8.99,8.41,768827181.0,0.41,4.84,8.96,8.47,601890,2025-04-18
2025-04-21,2025-04-21 00:00:00,8.79,8.9,61445005.0,8.96,8.59,551252634.0,0.02,0.23,6.4,8.88,601890,2025-04-21
2025-04-22,2025-04-22 00:00:00,8.83,8.6,55383025.0,8.83,8.59,487598796.0,-0.3,-3.37,5.77,8.9,601890,2025-04-22
2025-04-23,2025-04-23 00:00:00,8.69,8.68,47659900.0,8.76,8.55,419887407.0,0.08,0.93,4.97,8.6,601890,2025-04-23
2025-04-24,2025-04-24 00:00:00,8.66,8.47,37320787.0,8.66,8.43,322450484.0,-0.21,-2.42,3.89,8.68,601890,2025-04-24
2025-04-25,2025-04-25 00:00:00,8.45,8.45,23445012.0,8.55,8.41,201729380.0,-0.02,-0.24,2.44,8.47,601890,2025-04-25
2025-04-28,2025-04-28 00:00:00,8.41,8.35,21003765.0,8.51,8.32,178978409.0,-0.1,-1.18,2.19,8.45,601890,2025-04-28
2025-04-29,2025-04-29 00:00:00,8.35,8.41,20926802.0,8.46,8.25,178507368.0,0.06,0.72,2.18,8.35,601890,2025-04-29
2025-04-30,2025-04-30 00:00:00,8.4,8.46,22569005.0,8.51,8.39,194191847.0,0.05,0.59,2.35,8.41,601890,2025-04-30
2025-05-06,2025-05-06 00:00:00,8.51,8.75,39408721.0,8.75,8.5,347936429.0,0.29,3.43,4.11,8.46,601890,2025-05-06
2025-05-07,2025-05-07 00:00:00,8.86,9.16,104339528.0,9.28,8.75,953412721.0,0.41,4.69,10.88,8.75,601890,2025-05-07
2025-05-08,2025-05-08 00:00:00,8.99,9.15,67671615.0,9.21,8.84,624228182.0,-0.01,-0.11,7.05,9.16,601890,2025-05-08
2025-05-09,2025-05-09 00:00:00,9.2,8.96,45080827.0,9.26,8.9,413303769.0,-0.19,-2.08,4.7,9.15,601890,2025-05-09
2025-05-12,2025-05-12 00:00:00,8.94,9.2,88559322.0,9.46,8.86,829750519.0,0.24,2.68,9.23,8.96,601890,2025-05-12
2025-05-13,2025-05-13 00:00:00,9.29,8.89,66175612.0,9.29,8.87,603916637.0,-0.31,-3.37,6.9,9.2,601890,2025-05-13
2025-05-14,2025-05-14 00:00:00,8.88,8.9,34024200.0,8.95,8.82,307021402.0,0.01,0.11,3.55,8.89,601890,2025-05-14
2025-05-15,2025-05-15 00:00:00,8.84,8.61,34573500.0,8.87,8.61,305394924.0,-0.29,-3.26,3.6,8.9,601890,2025-05-15
2025-05-16,2025-05-16 00:00:00,8.68,8.69,39923402.0,9.06,8.64,357313856.0,0.08,0.93,4.16,8.61,601890,2025-05-16
2025-05-19,2025-05-19 00:00:00,8.69,8.7,26845200.0,8.74,8.55,235896719.0,0.01,0.12,2.8,8.69,601890,2025-05-19
2025-05-20,2025-05-20 00:00:00,8.71,8.78,28254200.0,8.81,8.61,251084558.0,0.08,0.92,2.94,8.7,601890,2025-05-20
2025-05-21,2025-05-21 00:00:00,8.72,8.6,27510100.0,8.74,8.58,240965056.0,-0.18,-2.05,2.87,8.78,601890,2025-05-21
2025-05-22,2025-05-22 00:00:00,8.58,8.38,29200705.0,8.58,8.37,251146915.0,-0.22,-2.56,3.04,8.6,601890,2025-05-22
2025-05-23,2025-05-23 00:00:00,8.37,8.32,20733602.0,8.48,8.31,176926928.0,-0.06,-0.72,2.16,8.38,601890,2025-05-23
2025-05-26,2025-05-26 00:00:00,8.32,8.4,13584420.0,8.41,8.31,115581767.0,0.08,0.96,1.42,8.32,601890,2025-05-26
2025-05-27,2025-05-27 00:00:00,8.38,8.28,20795200.0,8.39,8.24,175319836.0,-0.12,-1.43,2.17,8.4,601890,2025-05-27
2025-05-28,2025-05-28 00:00:00,8.29,8.63,65647264.0,8.71,8.2,567644300.0,0.35,4.23,6.84,8.28,601890,2025-05-28
2025-05-29,2025-05-29 00:00:00,8.48,8.59,44770365.0,8.66,8.42,389738602.0,-0.04,-0.46,4.67,8.63,601890,2025-05-29
2025-05-30,2025-05-30 00:00:00,8.52,8.5,29261700.0,8.56,8.38,251728140.0,-0.09,-1.05,3.05,8.59,601890,2025-05-30
2025-06-03,2025-06-03 00:00:00,8.44,8.59,28508700.0,8.64,8.36,246964490.0,0.09,1.06,2.97,8.5,601890,2025-06-03
2025-06-04,2025-06-04 00:00:00,8.59,8.92,72589829.0,8.92,8.54,650283046.0,0.33,3.84,7.57,8.59,601890,2025-06-04
2025-06-05,2025-06-05 00:00:00,8.85,8.74,47108604.0,8.92,8.71,418820374.0,-0.18,-2.02,4.91,8.92,601890,2025-06-05
2025-06-06,2025-06-06 00:00:00,8.71,8.66,23604451.0,8.78,8.64,208686385.0,-0.08,-0.92,2.46,8.74,601890,2025-06-06
2025-06-09,2025-06-09 00:00:00,8.66,8.9,52415407.0,8.96,8.65,470839141.0,0.24,2.77,5.46,8.66,601890,2025-06-09
2025-06-10,2025-06-10 00:00:00,8.9,8.8,35907474.0,9.0,8.73,322598381.0,-0.1,-1.12,3.74,8.9,601890,2025-06-10
2025-06-11,2025-06-11 00:00:00,8.81,8.87,35805620.0,9.06,8.75,324395754.0,0.07,0.8,3.73,8.8,601890,2025-06-11
2025-06-12,2025-06-12 00:00:00,8.8,8.75,25229254.0,8.89,8.72,224992412.0,-0.12,-1.35,2.63,8.87,601890,2025-06-12
2025-06-13,2025-06-13 00:00:00,8.75,8.76,48041124.0,8.85,8.64,427013963.0,0.01,0.11,5.01,8.75,601890,2025-06-13
2025-06-16,2025-06-16 00:00:00,8.69,8.81,33682440.0,8.84,8.53,299336448.0,0.05,0.57,3.51,8.76,601890,2025-06-16
2025-06-17,2025-06-17 00:00:00,8.79,8.86,28183319.0,8.86,8.71,252124999.0,0.05,0.57,2.94,8.81,601890,2025-06-17
2025-06-18,2025-06-18 00:00:00,8.85,8.88,35734363.0,8.95,8.77,321771442.0,0.02,0.23,3.72,8.86,601890,2025-06-18
2025-06-19,2025-06-19 00:00:00,8.82,8.73,34276302.0,8.85,8.57,302848828.0,-0.15,-1.69,3.57,8.88,601890,2025-06-19
2025-06-20,2025-06-20 00:00:00,8.71,8.95,54355678.0,9.01,8.59,484130574.0,0.22,2.52,5.67,8.73,601890,2025-06-20
2025-06-23,2025-06-23 00:00:00,8.96,9.03,47654406.0,9.05,8.82,428509525.0,0.08,0.89,4.97,8.95,601890,2025-06-23
2025-06-24,2025-06-24 00:00:00,8.92,9.01,55840261.0,9.11,8.78,502585990.0,-0.02,-0.22,5.82,9.03,601890,2025-06-24
2025-06-25,2025-06-25 00:00:00,9.01,9.56,125344044.0,9.9,8.98,1189010882.0,0.55,6.1,13.06,9.01,601890,2025-06-25
2025-06-26,2025-06-26 00:00:00,9.67,10.07,206884826.0,10.52,9.57,2147498860.0,0.51,5.33,21.56,9.56,601890,2025-06-26
2025-06-27,2025-06-27 00:00:00,9.76,9.75,143093196.0,10.16,9.67,1422518793.0,-0.32,-3.18,14.91,10.07,601890,2025-06-27
2025-06-30,2025-06-30 00:00:00,9.89,10.15,125942170.0,10.34,9.81,1278023454.0,0.4,4.1,13.13,9.75,601890,2025-06-30
2025-07-01,2025-07-01 00:00:00,10.06,10.26,132854233.0,10.61,9.87,1364438802.0,0.11,1.08,13.85,10.15,601890,2025-07-01
2025-07-02,2025-07-02 00:00:00,10.96,11.29,242730513.0,11.29,10.67,2702127298.0,1.03,10.04,25.3,10.26,601890,2025-07-02
2025-07-03,2025-07-03 00:00:00,11.43,10.8,264025834.0,12.16,10.71,3035943278.0,-0.49,-4.34,27.52,11.29,601890,2025-07-03
2025-07-04,2025-07-04 00:00:00,10.63,10.03,187442477.0,10.85,10.03,1936084622.0,-0.77,-7.13,19.54,10.8,601890,2025-07-04
2025-07-07,2025-07-07 00:00:00,9.87,10.01,106686066.0,10.18,9.77,1073533635.0,-0.02,-0.2,11.12,10.03,601890,2025-07-07
2025-07-08,2025-07-08 00:00:00,10.01,10.15,113274385.0,10.33,9.9,1151891442.0,0.14,1.4,11.81,10.01,601890,2025-07-08
2025-07-09,2025-07-09 00:00:00,10.15,10.0,84082940.0,10.25,9.96,851564026.0,-0.15,-1.48,8.76,10.15,601890,2025-07-09
2025-07-10,2025-07-10 00:00:00,9.91,9.95,58162830.0,10.08,9.86,580626069.0,-0.05,-0.5,6.06,10.0,601890,2025-07-10
2025-07-11,2025-07-11 00:00:00,9.99,10.33,122492942.0,10.42,9.97,1263367007.0,0.38,3.82,12.77,9.95,601890,2025-07-11
2025-07-14,2025-07-14 00:00:00,10.23,10.13,65331690.0,10.28,10.1,666468335.0,-0.2,-1.94,6.81,10.33,601890,2025-07-14
2025-07-15,2025-07-15 00:00:00,10.13,10.02,41748600.0,10.18,9.96,420459909.0,-0.11,-1.09,4.35,10.13,601890,2025-07-15
2025-07-16,2025-07-16 00:00:00,10.02,10.0,42240220.0,10.04,9.91,422622281.0,-0.02,-0.2,4.4,10.02,601890,2025-07-16
2025-07-17,2025-07-17 00:00:00,9.96,10.1,46634423.0,10.12,9.91,469807951.0,0.1,1.0,4.86,10.0,601890,2025-07-17
2025-07-18,2025-07-18 00:00:00,10.07,10.1,41255470.0,10.11,9.96,415999121.0,0.0,0.0,4.3,10.1,601890,2025-07-18
2025-07-21,2025-07-21 00:00:00,10.11,10.38,75258614.0,10.39,10.06,774504589.0,0.28,2.77,7.84,10.1,601890,2025-07-21
2025-07-22,2025-07-22 00:00:00,10.34,10.54,95581924.0,10.76,10.29,1006536951.0,0.16,1.54,9.96,10.38,601890,2025-07-22
2025-07-23,2025-07-23 00:00:00,10.46,10.1,65970575.0,10.46,10.07,676816257.0,-0.44,-4.17,6.88,10.54,601890,2025-07-23
2025-07-24,2025-07-24 00:00:00,10.06,10.17,33744043.0,10.2,10.06,343350332.0,0.07,0.69,3.52,10.1,601890,2025-07-24
2025-07-25,2025-07-25 00:00:00,10.16,10.12,33428959.0,10.16,10.01,338174240.0,-0.05,-0.49,3.48,10.17,601890,2025-07-25
2025-07-28,2025-07-28 00:00:00,10.12,10.11,31247715.0,10.17,10.04,316751233.0,-0.01,-0.1,3.26,10.12,601890,2025-07-28
2025-07-29,2025-07-29 00:00:00,10.06,10.36,55652470.0,10.36,10.05,570927652.0,0.25,2.47,5.8,10.11,601890,2025-07-29
2025-07-30,2025-07-30 00:00:00,10.28,10.59,106071917.0,10.97,10.28,1133620088.0,0.23,2.22,11.06,10.36,601890,2025-07-30
2025-07-31,2025-07-31 00:00:00,10.44,10.36,61794779.0,10.71,10.32,647988713.0,-0.23,-2.17,6.44,10.59,601890,2025-07-31
2025-08-01,2025-08-01 00:00:00,10.36,10.14,55038217.0,10.45,10.04,561305308.0,-0.22,-2.12,5.74,10.36,601890,2025-08-01
2025-08-04,2025-08-04 00:00:00,10.06,10.48,54398075.0,10.5,10.02,564808946.0,0.34,3.35,5.67,10.14,601890,2025-08-04
2025-08-05,2025-08-05 00:00:00,10.47,10.61,66009662.0,10.71,10.4,699114893.0,0.13,1.24,6.88,10.48,601890,2025-08-05
2025-08-06,2025-08-06 00:00:00,10.61,11.01,114392428.0,11.03,10.55,1248953855.0,0.4,3.77,11.92,10.61,601890,2025-08-06
2025-08-07,2025-08-07 00:00:00,11.09,10.79,73056989.0,11.15,10.74,795127365.0,-0.22,-2.0,7.61,11.01,601890,2025-08-07
2025-08-08,2025-08-08 00:00:00,10.74,10.93,97324994.0,11.46,10.7,1086753919.0,0.14,1.3,10.14,10.79,601890,2025-08-08
2025-08-11,2025-08-11 00:00:00,10.96,10.86,62056240.0,11.02,10.77,677516043.0,-0.07,-0.64,6.47,10.93,601890,2025-08-11
2025-08-12,2025-08-12 00:00:00,10.88,10.8,60712905.0,11.19,10.7,664077257.0,-0.06,-0.55,6.33,10.86,601890,2025-08-12
2025-08-13,2025-08-13 00:00:00,10.64,10.76,65545645.0,10.99,10.64,710443388.0,-0.04,-0.37,6.83,10.8,601890,2025-08-13
2025-08-14,2025-08-14 00:00:00,10.76,10.77,84445046.0,10.95,10.49,906835690.0,0.01,0.09,8.8,10.76,601890,2025-08-14
2025-08-15,2025-08-15 00:00:00,10.58,10.93,88081765.0,11.05,10.48,959062255.0,0.16,1.49,9.18,10.77,601890,2025-08-15
2025-08-18,2025-08-18 00:00:00,10.96,11.35,110870428.0,11.54,10.96,1257140730.0,0.42,3.84,11.56,10.93,601890,2025-08-18
2025-08-19,2025-08-19 00:00:00,11.32,11.07,74593523.0,11.39,11.03,834933317.0,-0.28,-2.47,7.78,11.35,601890,2025-08-19
2025-08-20,2025-08-20 00:00:00,11.08,10.92,59608517.0,11.12,10.73,650734677.0,-0.15,-1.36,6.21,11.07,601890,2025-08-20
2025-08-21,2025-08-21 00:00:00,10.86,10.85,41506066.0,10.93,10.78,451716055.0,-0.07,-0.64,4.33,10.92,601890,2025-08-21
2025-08-22,2025-08-22 00:00:00,10.85,10.93,44041578.0,10.94,10.75,480268187.0,0.08,0.74,4.59,10.85,601890,2025-08-22
2025-08-25,2025-08-25 00:00:00,10.96,10.93,48846534.0,10.98,10.84,534773241.0,0.0,0.0,5.09,10.93,601890,2025-08-25
2025-08-26,2025-08-26 00:00:00,10.81,10.77,48567774.0,10.86,10.67,524362834.0,-0.16,-1.46,5.06,10.93,601890,2025-08-26
2025-08-27,2025-08-27 00:00:00,10.62,10.24,80090001.0,10.63,10.23,837805986.0,-0.53,-4.92,8.35,10.77,601890,2025-08-27
2025-08-28,2025-08-28 00:00:00,10.22,10.14,61599365.0,10.3,9.75,621264908.0,-0.1,-0.98,6.42,10.24,601890,2025-08-28
2025-08-29,2025-08-29 00:00:00,10.15,10.19,34481053.0,10.24,10.03,350966274.0,0.05,0.49,3.59,10.14,601890,2025-08-29
2025-09-01,2025-09-01 00:00:00,10.19,10.24,31015092.0,10.25,10.04,315376871.0,0.05,0.49,3.23,10.19,601890,2025-09-01
2025-09-02,2025-09-02 00:00:00,10.17,10.04,29082095.0,10.17,9.94,292602424.0,-0.2,-1.95,3.03,10.24,601890,2025-09-02
2025-09-03,2025-09-03 00:00:00,10.04,9.55,35119362.0,10.11,9.52,344703950.0,-0.49,-4.88,3.66,10.04,601890,2025-09-03
2025-09-04,2025-09-04 00:00:00,9.49,9.42,26681607.0,9.61,9.31,254462325.0,-0.13,-1.36,2.78,9.55,601890,2025-09-04
2025-09-05,2025-09-05 00:00:00,9.47,9.56,18762398.0,9.57,9.37,179156757.0,0.14,1.49,1.96,9.42,601890,2025-09-05
2025-09-08,2025-09-08 00:00:00,9.56,9.69,21348615.0,9.7,9.51,206582889.0,0.13,1.36,2.23,9.56,601890,2025-09-08
2025-09-09,2025-09-09 00:00:00,9.73,9.76,27540971.0,9.93,9.66,270994961.0,0.07,0.72,2.87,9.69,601890,2025-09-09
2025-09-10,2025-09-10 00:00:00,9.71,9.62,19229955.0,9.75,9.57,185831939.0,-0.14,-1.43,2.0,9.76,601890,2025-09-10
2025-09-11,2025-09-11 00:00:00,9.63,9.72,18321347.0,9.72,9.52,177254314.0,0.1,1.04,1.91,9.62,601890,2025-09-11
2025-09-12,2025-09-12 00:00:00,9.72,9.62,18510687.0,9.75,9.62,178947832.0,-0.1,-1.03,1.93,9.72,601890,2025-09-12
2025-09-15,2025-09-15 00:00:00,9.63,9.48,21308400.0,9.63,9.46,202519910.0,-0.14,-1.46,2.22,9.62,601890,2025-09-15
2025-09-16,2025-09-16 00:00:00,9.48,9.52,19892029.0,9.53,9.35,187808813.0,0.04,0.42,2.07,9.48,601890,2025-09-16
2025-09-17,2025-09-17 00:00:00,9.51,9.47,12384718.0,9.52,9.45,117452141.0,-0.05,-0.53,1.29,9.52,601890,2025-09-17
2025-09-18,2025-09-18 00:00:00,9.5,9.97,87263450.0,10.14,9.44,864135725.0,0.5,5.28,9.1,9.47,601890,2025-09-18
2025-09-19,2025-09-19 00:00:00,9.97,9.77,40101909.0,10.13,9.72,394292498.0,-0.2,-2.01,4.18,9.97,601890,2025-09-19
2025-09-22,2025-09-22 00:00:00,9.9,9.85,31502154.0,10.05,9.75,310224221.0,0.08,0.82,3.28,9.77,601890,2025-09-22
2025-09-23,2025-09-23 00:00:00,9.88,9.61,26596229.0,9.9,9.48,255692167.0,-0.24,-2.44,2.77,9.85,601890,2025-09-23
2025-09-24,2025-09-24 00:00:00,9.54,9.62,18120712.0,9.62,9.47,173270496.0,0.01,0.1,1.89,9.61,601890,2025-09-24
2025-09-25,2025-09-25 00:00:00,9.61,9.61,15596700.0,9.69,9.55,150076938.0,-0.01,-0.1,1.63,9.62,601890,2025-09-25
2025-09-26,2025-09-26 00:00:00,9.57,9.87,49400459.0,10.05,9.55,488700852.0,0.26,2.71,5.15,9.61,601890,2025-09-26
2025-09-29,2025-09-29 00:00:00,9.8,9.92,27701309.0,9.95,9.78,273709274.0,0.05,0.51,2.89,9.87,601890,2025-09-29
2025-09-30,2025-09-30 00:00:00,9.92,10.15,40788402.0,10.23,9.86,411562143.0,0.23,2.32,4.25,9.92,601890,2025-09-30
2025-10-09,2025-10-09 00:00:00,10.0,10.1,28529763.0,10.13,9.96,286457185.0,-0.05,-0.49,2.97,10.15,601890,2025-10-09
2025-10-10,2025-10-10 00:00:00,10.07,9.91,25654012.0,10.11,9.89,255958713.0,-0.19,-1.88,2.67,10.1,601890,2025-10-10
2025-10-13,2025-10-13 00:00:00,9.55,9.92,20323414.0,9.93,9.51,199137256.0,0.01,0.1,2.12,9.91,601890,2025-10-13
2025-10-14,2025-10-14 00:00:00,9.92,9.86,25447341.0,10.05,9.81,252922476.0,-0.06,-0.6,2.65,9.92,601890,2025-10-14
2025-10-15,2025-10-15 00:00:00,9.97,9.85,22651340.0,9.98,9.66,221571234.0,-0.01,-0.1,2.36,9.86,601890,2025-10-15
2025-10-16,2025-10-16 00:00:00,9.8,9.71,24536887.0,9.9,9.58,238320252.0,-0.14,-1.42,2.56,9.85,601890,2025-10-16
2025-10-17,2025-10-17 00:00:00,9.66,9.44,23551302.0,9.77,9.4,225765353.0,-0.27,-2.78,2.45,9.71,601890,2025-10-17
2025-10-20,2025-10-20 00:00:00,9.49,9.72,20325563.0,9.75,9.47,195109786.0,0.28,2.97,2.12,9.44,601890,2025-10-20
2025-10-21,2025-10-21 00:00:00,9.65,9.92,29872525.0,9.95,9.65,295470903.0,0.2,2.06,3.11,9.72,601890,2025-10-21
2025-10-22,2025-10-22 00:00:00,9.9,9.76,20400406.0,9.93,9.75,200225825.0,-0.16,-1.61,2.13,9.92,601890,2025-10-22
2025-10-23,2025-10-23 00:00:00,9.77,9.68,17958534.0,9.77,9.52,172342071.0,-0.08,-0.82,1.87,9.76,601890,2025-10-23
2025-10-24,2025-10-24 00:00:00,9.68,9.7,23095734.0,9.91,9.67,225740896.0,0.02,0.21,2.41,9.68,601890,2025-10-24
2025-10-27,2025-10-27 00:00:00,9.77,9.86,29911624.0,9.92,9.74,295014571.0,0.16,1.65,3.12,9.7,601890,2025-10-27
2025-10-28,2025-10-28 00:00:00,9.93,10.29,93425657.0,10.38,9.92,951473653.0,0.43,4.36,9.74,9.86,601890,2025-10-28
2025-10-29,2025-10-29 00:00:00,10.11,10.14,44978171.0,10.19,9.96,453513008.0,-0.15,-1.46,4.69,10.29,601890,2025-10-29
2025-10-30,2025-10-30 00:00:00,10.06,10.28,65609727.0,10.45,10.0,671068582.0,0.14,1.38,6.84,10.14,601890,2025-10-30
2025-10-31,2025-10-31 00:00:00,10.19,10.32,52117081.0,10.38,10.11,535067644.0,0.04,0.39,5.43,10.28,601890,2025-10-31
2025-11-03,2025-11-03 00:00:00,10.32,10.8,103603704.0,10.8,10.32,1102530519.0,0.48,4.65,10.8,10.32,601890,2025-11-03
2025-11-04,2025-11-04 00:00:00,11.02,10.88,143834395.0,11.36,10.85,1593544927.0,0.08,0.74,14.99,10.8,601890,2025-11-04
2025-11-05,2025-11-05 00:00:00,10.89,11.17,99004016.0,11.25,10.65,1092826640.0,0.29,2.67,10.32,10.88,601890,2025-11-05
2025-11-06,2025-11-06 00:00:00,11.15,10.9,61393685.0,11.17,10.71,666405922.0,-0.27,-2.42,6.4,11.17,601890,2025-11-06
2025-11-07,2025-11-07 00:00:00,10.8,10.53,85375925.0,11.15,10.47,916937433.0,-0.37,-3.39,8.9,10.9,601890,2025-11-07
2025-11-10,2025-11-10 00:00:00,10.29,10.32,48275485.0,10.42,10.21,496918138.0,-0.21,-1.99,5.03,10.53,601890,2025-11-10
2025-11-11,2025-11-11 00:00:00,10.27,10.09,39525746.0,10.38,10.08,402497773.0,-0.23,-2.23,4.12,10.32,601890,2025-11-11
2025-11-12,2025-11-12 00:00:00,10.09,9.84,37805681.0,10.1,9.75,372535491.0,-0.25,-2.48,3.94,10.09,601890,2025-11-12
2025-11-13,2025-11-13 00:00:00,9.85,9.87,24994309.0,9.91,9.78,246277107.0,0.03,0.3,2.61,9.84,601890,2025-11-13
2025-11-14,2025-11-14 00:00:00,9.86,9.9,29255340.0,10.0,9.81,290080348.0,0.03,0.3,3.05,9.87,601890,2025-11-14
2025-11-17,2025-11-17 00:00:00,10.21,9.97,77502509.0,10.4,9.96,789263521.0,0.07,0.71,8.08,9.9,601890,2025-11-17
2025-11-18,2025-11-18 00:00:00,9.89,9.68,47131118.0,9.93,9.63,458432121.0,-0.29,-2.91,4.91,9.97,601890,2025-11-18
2025-11-19,2025-11-19 00:00:00,9.7,10.65,98131383.0,10.65,9.69,1017452257.0,0.97,10.02,10.23,9.68,601890,2025-11-19
2025-11-20,2025-11-20 00:00:00,10.84,10.59,173735395.0,10.95,10.46,1863438307.0,-0.06,-0.56,18.11,10.65,601890,2025-11-20
2025-11-21,2025-11-21 00:00:00,10.35,10.95,199982296.0,11.32,10.35,2169032085.0,0.36,3.4,20.84,10.59,601890,2025-11-21
2025-11-24,2025-11-24 00:00:00,10.7,11.7,215476647.0,11.98,10.69,2426409937.0,0.75,6.85,22.46,10.95,601890,2025-11-24
2025-11-25,2025-11-25 00:00:00,11.19,11.08,147929962.0,11.33,10.82,1643249326.0,-0.62,-5.3,15.42,11.7,601890,2025-11-25
2025-11-26,2025-11-26 00:00:00,10.85,10.34,115789526.0,10.85,10.28,1207326505.0,-0.74,-6.68,12.07,11.08,601890,2025-11-26
2025-11-27,2025-11-27 00:00:00,10.35,10.44,89138269.0,10.85,10.28,939522250.0,0.1,0.97,9.29,10.34,601890,2025-11-27
2025-11-28,2025-11-28 00:00:00,10.39,10.56,76406973.0,10.69,10.39,806521675.0,0.12,1.15,7.96,10.44,601890,2025-11-28
2025-12-01,2025-12-01 00:00:00,10.55,10.51,64295259.0,10.83,10.46,681511663.0,-0.05,-0.47,6.7,10.56,601890,2025-12-01
2025-12-02,2025-12-02 00:00:00,10.49,10.51,68035957.0,10.69,10.34,716631697.0,0.0,0.0,7.09,10.51,601890,2025-12-02
2025-12-03,2025-12-03 00:00:00,10.4,10.51,83633524.0,10.74,10.16,874688490.0,0.0,0.0,8.72,10.51,601890,2025-12-03
2025-12-04,2025-12-04 00:00:00,10.41,10.13,59156010.0,10.5,10.09,604033601.0,-0.38,-3.62,6.17,10.51,601890,2025-12-04
2025-12-05,2025-12-05 00:00:00,10.08,10.37,51620787.0,10.4,10.03,530885991.0,0.24,2.37,5.38,10.13,601890,2025-12-05
2025-12-08,2025-12-08 00:00:00,10.46,10.53,49461466.0,10.7,10.46,522122399.0,0.16,1.54,5.16,10.37,601890,2025-12-08
2025-12-09,2025-12-09 00:00:00,10.58,10.45,46095318.0,10.78,10.42,487429965.0,-0.08,-0.76,4.8,10.53,601890,2025-12-09
2025-12-10,2025-12-10 00:00:00,10.4,10.43,37907125.0,10.68,10.3,396489910.0,-0.02,-0.19,3.95,10.45,601890,2025-12-10
2025-12-11,2025-12-11 00:00:00,10.42,10.2,31410749.0,10.46,10.19,322703615.0,-0.23,-2.21,3.27,10.43,601890,2025-12-11
2025-12-12,2025-12-12 00:00:00,10.15,10.44,46043533.0,10.49,10.15,478538354.0,0.24,2.35,4.8,10.2,601890,2025-12-12
2025-12-15,2025-12-15 00:00:00,10.35,10.35,32639856.0,10.5,10.12,337478525.0,-0.09,-0.86,3.4,10.44,601890,2025-12-15
2025-12-16,2025-12-16 00:00:00,10.29,9.83,53270908.0,10.31,9.72,527660238.0,-0.52,-5.02,5.55,10.35,601890,2025-12-16
2025-12-17,2025-12-17 00:00:00,9.8,9.77,33003873.0,9.89,9.58,319923320.0,-0.06,-0.61,3.44,9.83,601890,2025-12-17
2025-12-18,2025-12-18 00:00:00,9.72,9.78,30733797.0,9.92,9.67,301434736.0,0.01,0.1,3.2,9.77,601890,2025-12-18
2025-12-19,2025-12-19 00:00:00,9.78,9.97,34705503.0,10.0,9.75,344689018.0,0.19,1.94,3.62,9.78,601890,2025-12-19
2025-12-22,2025-12-22 00:00:00,10.03,9.96,26445305.0,10.1,9.92,264679049.0,-0.01,-0.1,2.76,9.97,601890,2025-12-22
2025-12-23,2025-12-23 00:00:00,9.98,9.88,27008777.0,10.03,9.81,267316909.0,-0.08,-0.8,2.82,9.96,601890,2025-12-23
2025-12-24,2025-12-24 00:00:00,9.84,10.27,45866983.0,10.29,9.8,464658230.0,0.39,3.95,4.78,9.88,601890,2025-12-24
2025-12-25,2025-12-25 00:00:00,10.23,10.31,29310134.0,10.37,10.2,302118292.0,0.04,0.39,3.06,10.27,601890,2025-12-25
2025-12-26,2025-12-26 00:00:00,10.32,10.32,30808785.0,10.5,10.26,319128539.0,0.01,0.1,3.21,10.31,601890,2025-12-26
2025-12-29,2025-12-29 00:00:00,10.32,10.36,24515022.0,10.43,10.25,254013641.0,0.04,0.39,2.56,10.32,601890,2025-12-29
2025-12-30,2025-12-30 00:00:00,10.35,10.4,39589748.0,10.55,10.3,412376661.0,0.04,0.39,4.13,10.36,601890,2025-12-30
2025-12-31,2025-12-31 00:00:00,10.34,10.29,31214220.0,10.45,10.17,321042879.0,-0.11,-1.06,3.25,10.4,601890,2025-12-31
2026-01-05,2026-01-05 00:00:00,10.36,10.55,54182474.0,10.67,10.3,568059336.0,0.26,2.53,5.65,10.29,601890,2026-01-05
2026-01-06,2026-01-06 00:00:00,10.46,10.67,50215206.0,10.74,10.43,531336625.0,0.12,1.14,5.23,10.55,601890,2026-01-06
2026-01-07,2026-01-07 00:00:00,10.62,10.45,42622559.0,10.63,10.39,447104920.0,-0.22,-2.06,4.44,10.67,601890,2026-01-07
2026-01-08,2026-01-08 00:00:00,10.4,10.94,84382291.0,11.05,10.39,910371785.0,0.49,4.69,8.8,10.45,601890,2026-01-08
2026-01-09,2026-01-09 00:00:00,10.97,10.95,65049112.0,11.1,10.82,711630945.0,0.01,0.09,6.78,10.94,601890,2026-01-09
2026-01-12,2026-01-12 00:00:00,10.95,11.06,62181165.0,11.15,10.94,687560834.0,0.11,1.0,6.48,10.95,601890,2026-01-12
2026-01-13,2026-01-13 00:00:00,11.09,10.76,50173697.0,11.09,10.72,543413597.0,-0.3,-2.71,5.23,11.06,601890,2026-01-13
2026-01-14,2026-01-14 00:00:00,10.75,10.78,48603454.0,11.05,10.62,527240929.0,0.02,0.19,5.07,10.76,601890,2026-01-14
2026-01-15,2026-01-15 00:00:00,10.66,10.92,46382775.0,11.0,10.6,503254375.0,0.14,1.3,4.83,10.78,601890,2026-01-15
2026-01-16,2026-01-16 00:00:00,10.92,10.67,36240909.0,10.95,10.64,388965202.0,-0.25,-2.29,3.78,10.92,601890,2026-01-16
2026-01-19,2026-01-19 00:00:00,10.72,10.91,36080221.0,11.0,10.62,391582463.0,0.24,2.25,3.76,10.67,601890,2026-01-19
2026-01-20,2026-01-20 00:00:00,10.83,10.76,31656600.0,10.92,10.63,339725733.0,-0.15,-1.37,3.3,10.91,601890,2026-01-20
2026-01-21,2026-01-21 00:00:00,10.67,10.75,24784708.0,10.8,10.66,266164260.0,-0.01,-0.09,2.58,10.76,601890,2026-01-21
2026-01-22,2026-01-22 00:00:00,10.75,11.11,69973020.0,11.19,10.72,772785874.0,0.36,3.35,7.29,10.75,601890,2026-01-22
2026-01-23,2026-01-23 00:00:00,11.02,10.99,52562900.0,11.12,10.93,577432315.0,-0.12,-1.08,5.48,11.11,601890,2026-01-23
2026-01-26,2026-01-26 00:00:00,11.0,10.95,44852146.0,11.14,10.79,491682922.0,-0.04,-0.36,4.68,10.99,601890,2026-01-26
2026-01-27,2026-01-27 00:00:00,10.86,10.86,37648546.0,11.0,10.6,405914471.0,-0.09,-0.82,3.92,10.95,601890,2026-01-27
2026-01-28,2026-01-28 00:00:00,10.86,10.84,31379082.0,11.0,10.7,340268507.0,-0.02,-0.18,3.27,10.86,601890,2026-01-28
2026-01-29,2026-01-29 00:00:00,10.76,10.63,29223890.0,10.83,10.57,312439332.0,-0.21,-1.94,3.05,10.84,601890,2026-01-29
2026-01-30,2026-01-30 00:00:00,10.63,10.37,34553359.0,10.75,10.19,358538557.0,-0.26,-2.45,3.6,10.63,601890,2026-01-30
2026-02-02,2026-02-02 00:00:00,10.33,10.24,27775764.0,10.65,10.2,289546786.0,-0.13,-1.25,2.9,10.37,601890,2026-02-02
2026-02-03,2026-02-03 00:00:00,10.35,10.94,61640525.0,11.02,10.2,659850127.0,0.7,6.84,6.42,10.24,601890,2026-02-03
2026-02-04,2026-02-04 00:00:00,10.9,11.22,81610527.0,11.43,10.83,917559351.0,0.28,2.56,8.51,10.94,601890,2026-02-04
2026-02-05,2026-02-05 00:00:00,11.13,11.09,39164915.0,11.25,11.01,434943728.0,-0.13,-1.16,4.08,11.22,601890,2026-02-05
2026-02-06,2026-02-06 00:00:00,11.01,10.95,28785005.0,11.17,10.87,316597880.0,-0.14,-1.26,3.0,11.09,601890,2026-02-06
2026-02-09,2026-02-09 00:00:00,10.99,11.1,26679118.0,11.17,10.93,295506764.0,0.15,1.37,2.78,10.95,601890,2026-02-09
2026-02-10,2026-02-10 00:00:00,11.05,11.3,52549152.0,11.38,10.95,590765433.0,0.2,1.8,5.48,11.1,601890,2026-02-10
2026-02-11,2026-02-11 00:00:00,11.23,11.18,44085830.0,11.48,11.13,498422295.0,-0.12,-1.06,4.6,11.3,601890,2026-02-11
2026-02-12,2026-02-12 00:00:00,11.17,11.26,34866512.0,11.48,11.0,392615641.0,0.08,0.72,3.63,11.18,601890,2026-02-12
